Feature Name,Feature Value,SHAP Value,Absolute SHAP
num__Age (months),0.961860264317728,".values =
array([-0.073293  , -0.13529179, -0.01824207, -0.01206582, -0.02966427,
       -0.05211809,  0.00723755])

.base_values =
np.float64(0.5134375)

.data =
array([0.96186026, 0.94772152, 1.50993957, 1.        , 0.        ,
       1.        , 2.        ])",".values =
array([-0.073293  , -0.13529179, -0.01824207, -0.01206582, -0.02966427,
       -0.05211809,  0.00723755])

.base_values =
np.float64(0.5134375)

.data =
array([0.96186026, 0.94772152, 1.50993957, 1.        , 0.        ,
       1.        , 2.        ])"
num__Height_cm,0.9477215169396226,".values =
array([-0.073293  , -0.13529179, -0.01824207, -0.01206582, -0.02966427,
       -0.05211809,  0.00723755])

.base_values =
np.float64(0.5134375)

.data =
array([0.96186026, 0.94772152, 1.50993957, 1.        , 0.        ,
       1.        , 2.        ])",".values =
array([-0.073293  , -0.13529179, -0.01824207, -0.01206582, -0.02966427,
       -0.05211809,  0.00723755])

.base_values =
np.float64(0.5134375)

.data =
array([0.96186026, 0.94772152, 1.50993957, 1.        , 0.        ,
       1.        , 2.        ])"
num__Weight_kg,1.509939574966333,".values =
array([-0.073293  , -0.13529179, -0.01824207, -0.01206582, -0.02966427,
       -0.05211809,  0.00723755])

.base_values =
np.float64(0.5134375)

.data =
array([0.96186026, 0.94772152, 1.50993957, 1.        , 0.        ,
       1.        , 2.        ])",".values =
array([-0.073293  , -0.13529179, -0.01824207, -0.01206582, -0.02966427,
       -0.05211809,  0.00723755])

.base_values =
np.float64(0.5134375)

.data =
array([0.96186026, 0.94772152, 1.50993957, 1.        , 0.        ,
       1.        , 2.        ])"
nom__Gender_Female,1.0,".values =
array([-0.073293  , -0.13529179, -0.01824207, -0.01206582, -0.02966427,
       -0.05211809,  0.00723755])

.base_values =
np.float64(0.5134375)

.data =
array([0.96186026, 0.94772152, 1.50993957, 1.        , 0.        ,
       1.        , 2.        ])",".values =
array([-0.073293  , -0.13529179, -0.01824207, -0.01206582, -0.02966427,
       -0.05211809,  0.00723755])

.base_values =
np.float64(0.5134375)

.data =
array([0.96186026, 0.94772152, 1.50993957, 1.        , 0.        ,
       1.        , 2.        ])"
nom__Gender_Male,0.0,".values =
array([-0.073293  , -0.13529179, -0.01824207, -0.01206582, -0.02966427,
       -0.05211809,  0.00723755])

.base_values =
np.float64(0.5134375)

.data =
array([0.96186026, 0.94772152, 1.50993957, 1.        , 0.        ,
       1.        , 2.        ])",".values =
array([-0.073293  , -0.13529179, -0.01824207, -0.01206582, -0.02966427,
       -0.05211809,  0.00723755])

.base_values =
np.float64(0.5134375)

.data =
array([0.96186026, 0.94772152, 1.50993957, 1.        , 0.        ,
       1.        , 2.        ])"
ord__Mother_Education,1.0,".values =
array([-0.073293  , -0.13529179, -0.01824207, -0.01206582, -0.02966427,
       -0.05211809,  0.00723755])

.base_values =
np.float64(0.5134375)

.data =
array([0.96186026, 0.94772152, 1.50993957, 1.        , 0.        ,
       1.        , 2.        ])",".values =
array([-0.073293  , -0.13529179, -0.01824207, -0.01206582, -0.02966427,
       -0.05211809,  0.00723755])

.base_values =
np.float64(0.5134375)

.data =
array([0.96186026, 0.94772152, 1.50993957, 1.        , 0.        ,
       1.        , 2.        ])"
ord__Household_Wealth_Index,2.0,".values =
array([-0.073293  , -0.13529179, -0.01824207, -0.01206582, -0.02966427,
       -0.05211809,  0.00723755])

.base_values =
np.float64(0.5134375)

.data =
array([0.96186026, 0.94772152, 1.50993957, 1.        , 0.        ,
       1.        , 2.        ])",".values =
array([-0.073293  , -0.13529179, -0.01824207, -0.01206582, -0.02966427,
       -0.05211809,  0.00723755])

.base_values =
np.float64(0.5134375)

.data =
array([0.96186026, 0.94772152, 1.50993957, 1.        , 0.        ,
       1.        , 2.        ])"
