Age (months),Gender,Region,Mother_Education,Household_Wealth_Index,Height_cm,Weight_kg
54,1,2,0,1,61.0,15.3
32,1,2,2,2,91.4,17.1
50,1,3,2,2,81.4,7.3
36,0,4,1,0,62.0,7.2
3,1,3,2,1,81.0,15.6
13,0,0,2,0,74.4,18.7
44,0,0,1,0,102.8,10.9
6,0,1,1,1,105.8,11.3
11,0,1,2,1,62.3,11.0
59,0,3,3,0,77.2,13.9
51,1,0,3,1,86.4,7.4
47,0,2,3,2,92.7,8.6
22,1,4,2,1,109.9,7.9
34,1,0,0,1,108.1,15.8
20,1,2,1,0,74.1,7.1
33,1,4,0,0,72.9,17.2
29,1,1,3,0,61.5,6.7
58,0,4,3,0,108.2,5.1
51,1,1,3,2,96.5,10.7
13,0,1,2,1,82.6,7.7
58,0,0,3,0,80.8,11.0
6,1,3,1,2,70.5,17.5
35,0,3,3,1,106.3,8.3
3,1,1,0,0,77.0,17.8
37,0,3,0,1,68.3,18.5
37,1,0,3,2,83.3,11.0
16,0,3,1,0,109.1,19.1
3,1,0,0,1,76.7,11.0
38,1,0,2,1,72.0,19.8
32,1,0,1,0,109.2,10.8
41,1,3,2,1,101.1,6.9
18,1,3,2,0,103.8,19.0
17,1,4,1,1,98.0,17.4
2,0,4,1,1,83.0,13.0
4,0,3,3,1,92.8,7.6
1,0,1,0,1,70.6,12.3
59,1,1,0,2,90.9,15.5
29,1,0,0,1,103.2,15.4
37,0,1,1,2,62.0,13.2
25,1,1,1,2,73.5,14.3
35,1,2,2,2,85.0,8.2
27,1,1,2,2,90.2,10.5
32,0,2,2,0,66.1,15.0
21,1,3,1,1,74.5,18.9
21,1,0,3,0,108.7,14.5
45,1,3,0,0,89.6,8.8
1,1,0,1,0,93.8,10.3
47,0,3,1,0,98.4,7.1
54,0,0,3,2,93.4,5.8
37,1,3,0,2,109.7,17.2
53,1,4,3,1,61.3,11.4
53,0,0,3,0,89.2,15.0
6,1,4,1,2,104.0,10.3
6,0,2,2,0,106.8,8.0
58,1,2,3,2,105.9,11.2
9,1,0,3,1,63.1,15.7
26,1,4,0,2,73.8,11.5
14,1,3,3,0,104.0,6.0
7,1,3,2,1,77.5,13.7
10,0,3,2,1,84.3,16.7
47,1,2,2,2,94.8,5.8
18,1,2,0,2,100.9,12.8
8,0,2,1,0,102.6,10.8
21,1,2,1,2,108.3,19.8
1,1,0,1,0,62.2,8.5
3,1,4,1,1,101.6,15.0
18,1,0,1,1,93.9,11.7
16,1,1,0,1,86.1,11.8
55,1,1,3,0,70.0,14.7
38,0,0,3,1,73.9,16.8
35,0,0,2,2,103.1,16.2
16,1,4,0,1,90.5,14.3
49,0,2,1,2,108.8,5.8
14,1,2,3,1,78.4,9.1
49,1,1,0,1,95.5,18.9
24,1,3,3,2,98.6,11.6
56,1,4,3,0,70.2,6.8
54,0,4,3,1,97.7,5.5
4,1,4,2,2,62.2,11.1
44,1,1,1,2,84.5,11.4
50,1,0,0,2,68.7,11.8
59,0,4,0,2,88.7,10.0
48,1,3,2,2,67.0,10.6
30,1,1,1,2,77.1,18.5
28,1,3,1,0,89.3,7.6
3,1,0,3,1,80.6,8.1
40,0,3,0,0,94.7,19.4
59,0,4,1,0,96.9,5.2
23,0,0,1,0,75.0,9.7
57,0,3,2,2,89.0,17.3
44,1,0,3,2,90.1,5.2
6,1,0,3,1,96.5,11.3
12,1,4,1,1,102.4,15.6
34,1,4,1,2,98.4,15.7
33,0,3,3,0,88.8,10.5
31,1,1,0,2,84.1,19.2
33,0,4,0,1,73.2,17.8
18,0,0,3,1,88.4,9.2
7,0,1,0,2,94.0,12.8
49,1,2,3,2,90.4,9.3
17,1,0,1,0,90.9,17.1
20,0,4,3,1,85.3,18.0
52,1,0,0,1,96.3,19.3
41,1,1,0,1,89.8,14.8
31,0,1,0,0,78.1,6.5
53,1,3,1,0,63.5,11.4
47,0,0,0,1,63.7,9.6
45,0,0,1,0,85.2,12.8
21,0,2,3,1,105.3,11.5
21,0,0,0,2,71.6,10.2
6,0,0,0,2,79.9,15.7
48,0,3,3,2,88.1,9.0
22,1,0,2,1,102.9,10.1
20,1,3,3,1,105.0,15.6
58,0,1,0,2,60.1,13.0
29,0,1,2,1,81.5,12.8
14,1,0,2,0,91.0,15.0
37,0,1,3,2,104.5,14.5
20,1,2,1,1,75.1,15.5
12,0,4,3,1,81.4,8.3
38,0,1,3,2,73.4,10.7
22,0,3,0,2,97.0,7.1
19,1,2,1,0,68.4,15.4
51,1,0,1,0,61.8,11.1
19,0,2,3,0,70.6,8.5
10,1,2,2,2,108.0,12.5
18,0,2,0,0,103.3,17.2
56,1,2,1,2,75.5,19.2
16,0,4,0,1,76.1,11.5
27,1,1,0,1,67.3,10.2
21,1,4,3,2,108.4,19.0
58,1,3,3,2,66.4,11.5
2,1,3,3,1,96.2,12.1
10,1,0,1,0,72.6,8.0
0,0,4,1,0,88.8,5.7
2,1,4,0,0,64.3,5.3
59,0,2,2,1,96.8,14.4
0,1,2,0,2,61.4,7.1
9,0,4,2,1,88.4,19.7
25,0,0,0,0,76.7,7.0
16,1,1,1,1,73.0,19.5
4,1,1,1,2,73.5,13.4
23,0,4,2,0,99.2,19.4
6,1,4,2,2,91.3,15.3
50,0,0,1,1,97.5,13.2
18,1,3,1,0,95.6,18.4
7,1,1,3,1,91.7,16.2
39,1,0,0,0,89.1,17.2
37,1,0,1,1,88.6,17.3
40,1,0,3,0,71.0,12.6
0,0,0,0,2,86.4,9.1
45,1,3,2,2,103.0,12.5
36,0,3,2,1,71.8,16.1
24,1,3,3,0,100.3,11.3
31,1,3,1,2,104.6,11.7
55,0,4,3,2,66.7,15.4
10,0,2,2,2,98.8,13.4
31,1,0,2,1,72.3,19.2
20,0,1,3,1,96.8,8.5
16,0,3,1,0,73.4,11.8
16,1,1,1,0,60.0,17.3
59,1,3,1,0,76.8,19.4
6,1,0,3,1,107.9,8.3
1,0,4,1,2,83.8,11.4
39,1,1,3,1,105.4,8.1
34,0,0,3,2,81.2,7.1
31,0,3,3,0,62.4,7.3
2,0,3,3,0,108.5,7.8
25,1,2,0,1,81.4,6.7
54,1,0,3,0,91.5,19.1
25,1,1,0,2,76.3,8.0
23,0,0,3,2,78.5,7.6
40,1,1,1,0,72.5,5.7
26,0,1,3,0,105.9,17.9
21,1,0,1,0,100.4,5.1
3,0,4,2,0,72.4,10.0
43,1,0,0,0,106.3,11.9
38,0,1,0,2,87.4,14.3
18,1,2,0,0,78.7,9.2
47,1,3,3,2,105.5,13.0
30,0,0,1,0,62.5,16.8
45,0,1,3,1,73.2,10.3
12,0,2,0,0,103.5,12.9
42,0,4,1,0,93.7,8.0
8,1,3,2,2,67.7,12.4
0,1,1,2,0,73.5,13.5
0,1,4,1,0,87.5,13.0
1,0,4,3,0,90.0,7.0
26,0,4,1,0,70.6,11.4
51,0,0,1,2,73.2,13.4
46,1,4,1,1,70.0,6.9
50,1,1,1,1,109.2,9.2
26,0,3,1,2,84.3,11.7
47,0,1,3,1,99.5,7.2
1,0,0,2,2,60.8,13.0
56,1,3,1,2,90.6,18.8
22,0,4,0,1,94.1,5.2
24,0,3,3,1,81.3,11.7
1,0,3,2,0,73.7,12.2
0,0,3,0,0,78.9,10.4
19,1,3,3,2,81.5,11.1
23,0,4,3,1,99.1,8.8
39,0,0,2,2,84.8,5.8
46,1,1,2,0,74.4,6.3
8,0,3,2,2,88.4,8.0
37,1,2,0,0,68.5,15.9
35,0,2,2,2,74.7,8.0
40,0,0,0,2,108.3,8.2
36,1,2,2,1,63.3,10.9
18,0,4,0,1,65.2,9.2
57,1,2,1,1,86.1,14.2
12,1,2,3,2,71.8,16.2
24,0,3,3,2,65.5,6.1
27,0,1,3,1,105.5,14.2
19,1,1,1,2,69.5,18.0
58,1,3,3,1,97.3,5.6
46,1,3,2,0,105.6,13.4
29,1,0,3,2,67.2,18.1
5,1,3,1,2,100.7,16.8
47,1,0,2,2,78.8,18.7
27,0,3,3,0,73.6,10.6
11,0,4,2,1,103.6,5.7
29,0,3,3,1,76.1,5.1
16,1,1,1,1,109.2,16.8
27,0,1,0,0,94.4,13.0
26,1,3,2,0,65.9,9.2
38,0,0,0,0,71.7,15.5
51,0,0,2,2,92.2,10.2
40,1,2,3,2,104.3,18.0
26,1,0,0,2,99.0,11.8
57,1,1,2,0,92.5,13.8
59,0,2,0,0,66.6,5.7
34,0,0,2,0,74.6,8.4
2,1,0,2,0,75.0,9.7
17,0,1,0,0,108.0,17.1
1,1,1,3,1,101.2,17.4
28,1,3,3,2,66.2,5.2
56,0,2,0,1,69.8,18.1
28,1,0,0,2,78.3,17.5
58,0,2,1,1,93.8,19.8
22,1,2,0,1,90.3,7.5
14,0,0,2,0,92.6,5.5
19,1,1,0,0,99.9,20.0
56,1,0,3,0,65.0,10.3
46,1,1,1,2,74.2,8.5
51,1,4,1,0,62.5,5.9
43,0,1,2,0,75.8,17.6
59,1,4,3,0,72.9,14.8
1,0,0,1,1,70.5,9.6
40,0,4,2,2,70.2,18.5
43,1,2,2,1,88.2,12.8
52,0,3,1,1,91.6,6.9
9,1,2,1,1,104.1,7.0
47,0,4,3,1,94.2,6.1
55,0,4,3,2,100.3,8.2
9,0,0,3,1,76.0,19.9
24,1,4,3,2,99.5,5.7
57,0,1,2,1,88.5,11.0
25,0,1,1,1,109.3,6.4
34,1,1,3,0,102.0,8.1
9,0,2,0,0,77.8,7.7
57,0,3,3,1,82.5,8.6
59,1,1,3,1,71.9,11.0
16,0,1,0,0,61.9,9.4
59,0,3,1,1,68.0,5.0
22,1,2,3,1,105.5,10.4
18,0,4,3,1,79.3,6.5
56,1,0,0,1,68.5,11.5
49,0,4,0,1,107.3,9.1
5,1,2,0,1,95.4,11.2
49,1,4,1,1,76.6,13.0
11,0,4,0,2,71.9,17.1
18,1,2,3,2,74.8,5.0
43,0,3,3,1,67.4,14.9
54,1,0,1,1,98.9,15.1
17,0,3,3,2,107.0,15.8
26,0,2,0,2,70.6,17.5
52,1,1,3,2,99.8,10.3
20,0,3,0,0,64.6,19.7
40,1,1,3,2,106.5,19.1
31,0,4,2,0,65.5,8.7
27,1,2,3,2,100.6,9.7
46,0,0,3,0,81.7,15.3
16,0,2,3,2,78.6,15.7
15,1,0,2,1,71.1,15.9
2,0,2,2,1,77.1,19.0
40,0,2,1,2,92.4,17.7
41,1,2,0,1,98.9,6.7
38,1,2,2,2,74.7,16.1
24,1,3,2,1,83.1,17.4
34,0,2,2,1,86.7,13.2
44,0,1,1,1,108.8,14.9
14,0,4,2,0,97.8,16.8
50,0,0,0,1,70.1,12.8
33,1,3,2,2,100.1,19.8
58,0,3,3,0,74.9,18.3
47,1,4,3,2,73.3,17.5
46,1,2,3,1,66.9,5.2
24,1,2,3,2,81.2,7.8
14,0,1,2,0,74.5,9.5
22,1,2,0,0,80.5,14.7
3,1,0,1,1,73.8,17.0
41,0,0,1,2,67.2,14.3
20,0,1,2,0,107.6,13.5
51,1,2,2,0,97.6,14.5
32,1,3,2,0,64.3,5.1
44,1,0,2,1,104.5,11.4
57,0,1,3,0,93.5,18.8
20,1,2,0,1,109.7,6.1
19,0,3,3,0,67.1,19.8
41,1,0,3,1,99.9,9.1
44,1,4,0,2,91.7,15.4
41,0,3,0,2,70.3,19.6
5,0,0,3,1,96.1,18.1
1,0,1,0,2,101.8,11.3
28,1,4,0,2,103.1,15.0
12,1,2,0,0,87.1,6.7
1,1,4,1,0,62.0,16.7
59,0,3,1,1,73.3,9.6
57,0,3,2,1,84.4,17.7
46,0,0,3,2,60.2,14.6
6,1,2,2,1,73.9,7.2
15,0,2,2,1,94.9,19.3
10,1,0,3,2,97.0,12.4
27,1,3,0,0,106.7,18.5
59,0,0,1,0,77.2,18.1
39,0,2,2,1,65.5,8.9
41,0,3,0,2,66.0,14.2
56,0,1,1,2,93.8,13.2
43,1,1,2,1,79.3,16.7
55,0,4,3,1,108.1,5.5
25,1,0,1,0,104.8,8.7
0,0,4,1,0,92.1,6.7
11,0,0,2,1,108.1,13.1
53,0,2,3,1,104.7,11.4
3,1,1,3,1,105.6,17.2
50,1,2,0,1,101.5,11.4
20,1,4,1,2,83.8,18.9
53,0,0,0,2,98.0,12.6
51,0,1,1,0,106.5,6.7
32,1,4,2,0,85.0,7.9
35,0,3,0,2,107.4,16.4
43,1,0,0,2,89.1,13.9
57,1,1,0,0,80.0,19.2
0,0,2,2,0,91.3,17.8
24,0,3,0,2,78.7,7.1
53,0,1,0,2,75.1,19.4
19,1,1,0,2,75.1,13.5
21,0,2,1,1,97.5,13.1
58,0,2,0,0,66.9,18.2
42,1,4,3,0,63.5,8.9
30,0,1,0,1,88.1,9.5
55,1,3,0,2,80.6,11.9
42,1,0,0,1,61.7,14.6
11,1,0,0,2,82.0,14.0
58,1,3,0,1,83.4,19.9
9,1,0,0,1,86.9,19.1
20,0,1,3,2,84.6,7.8
2,0,0,2,0,106.1,8.6
58,1,0,0,1,97.3,16.8
32,1,1,2,2,108.0,11.4
16,0,0,3,2,108.6,8.8
6,0,1,1,0,76.8,19.3
42,1,3,1,2,99.6,7.5
13,0,2,2,1,86.1,15.4
50,0,4,1,1,67.6,9.6
24,1,4,1,2,81.9,16.7
28,0,4,3,1,93.7,10.7
46,1,2,0,0,97.0,9.8
40,0,0,3,0,60.1,19.5
9,0,1,0,2,61.9,9.5
22,1,3,2,1,89.7,7.9
59,0,0,0,0,66.2,6.1
13,0,4,1,2,109.9,8.5
38,0,2,1,1,97.6,18.3
6,0,0,3,0,65.7,6.8
31,0,3,2,0,102.2,12.3
23,1,2,3,0,99.8,10.4
36,1,1,3,2,75.8,9.2
47,1,0,0,2,95.5,6.3
11,0,0,3,0,60.8,14.3
27,1,3,0,1,73.7,8.1
3,1,1,0,2,62.8,6.7
31,0,4,2,2,62.3,15.4
30,0,0,0,0,91.0,17.9
7,0,4,0,1,82.0,17.3
28,0,1,2,2,83.1,18.8
19,1,0,3,2,60.0,10.1
17,0,4,3,1,66.5,6.9
55,1,0,0,1,105.2,13.4
24,0,3,2,0,75.7,17.7
11,0,3,0,2,82.0,19.8
38,1,4,3,0,65.3,8.4
15,0,2,2,0,77.4,8.8
55,1,0,0,1,79.5,7.4
22,1,3,1,0,92.1,7.4
40,0,4,2,0,75.4,6.2
41,1,4,0,1,60.8,13.5
24,0,2,1,1,76.2,18.5
56,0,4,2,1,70.5,19.5
53,1,3,0,1,85.7,13.6
36,1,0,2,1,99.8,18.0
33,1,1,0,1,67.7,7.6
13,1,1,3,1,70.5,14.2
31,1,0,2,1,99.4,17.0
27,0,4,1,0,61.3,16.6
9,0,4,1,1,82.6,13.3
19,1,4,2,2,97.1,9.5
4,1,1,0,1,83.9,10.5
46,1,3,1,1,98.7,11.7
6,1,1,2,2,72.0,13.3
53,0,1,1,0,65.3,12.1
34,0,2,3,1,79.6,17.9
48,0,3,1,0,94.1,9.4
4,0,2,3,2,101.8,11.0
2,0,4,0,1,60.0,10.8
39,1,4,0,1,81.7,7.1
50,1,4,1,0,101.8,17.3
53,0,2,2,1,96.6,10.1
4,1,0,1,0,94.2,14.7
46,0,0,0,0,106.3,15.1
11,1,4,0,2,89.4,13.4
25,1,4,0,2,76.6,17.0
51,1,2,0,1,92.3,5.0
47,1,2,0,0,61.2,13.7
42,1,2,3,0,88.0,20.0
33,0,1,2,2,92.6,12.6
44,0,2,3,1,83.6,19.5
59,0,2,0,2,72.8,5.1
27,0,2,3,2,83.2,9.1
50,1,1,0,2,82.4,11.3
27,1,4,2,2,95.5,19.6
34,0,0,0,1,103.2,14.8
30,1,3,1,2,84.3,19.8
0,0,0,1,0,104.2,16.8
51,1,4,1,1,101.7,9.2
31,1,1,0,2,88.8,16.1
48,1,1,1,0,81.3,19.3
2,1,4,2,2,86.0,15.2
12,0,2,0,0,108.9,5.5
26,1,3,1,1,62.4,12.5
11,1,4,2,2,86.9,7.8
50,0,3,2,2,92.2,10.0
58,1,4,1,2,90.1,11.6
15,1,3,1,0,74.6,10.6
14,1,3,0,0,90.2,7.9
54,0,1,1,2,64.6,19.5
9,0,2,3,2,105.2,7.3
31,1,0,1,0,64.4,19.3
58,1,0,1,2,94.8,6.4
29,0,3,3,0,107.7,19.4
47,0,3,3,0,90.7,9.6
11,0,3,2,1,108.2,6.0
38,0,2,0,1,69.1,8.5
57,1,3,3,0,79.1,18.3
56,0,0,0,2,63.0,14.0
5,1,1,2,1,95.8,18.6
21,1,4,3,2,87.6,10.6
59,1,1,1,1,97.7,16.9
30,0,1,1,2,106.0,7.0
19,0,1,0,2,71.3,9.0
21,1,1,1,1,83.5,5.0
46,0,0,0,0,95.8,19.4
49,0,4,1,1,81.4,15.8
0,1,0,0,1,66.5,8.8
9,1,1,0,0,93.4,9.0
23,0,0,1,2,105.7,15.0
22,0,3,0,2,74.2,12.2
1,1,0,3,2,96.8,17.7
15,0,0,1,1,66.7,19.6
54,1,4,0,1,106.4,7.2
20,1,1,3,2,72.2,13.6
55,1,0,0,0,67.8,8.3
27,0,2,0,1,98.5,7.5
59,1,3,2,1,100.8,9.9
41,1,2,2,0,77.6,16.5
6,1,2,3,2,83.8,12.2
3,1,4,3,1,90.7,14.9
57,0,1,2,0,79.3,7.9
55,0,2,3,2,61.1,6.3
55,0,1,3,2,87.3,11.9
49,0,0,3,2,87.7,8.3
54,1,2,2,2,79.8,16.0
56,1,0,0,2,70.2,10.9
54,0,0,0,0,81.3,5.5
26,1,0,1,2,108.3,9.1
14,0,0,1,1,83.7,9.7
27,0,1,1,2,93.3,10.4
28,0,3,3,2,75.4,6.2
7,0,3,2,2,90.4,11.1
22,0,0,1,0,91.3,9.0
39,0,4,0,0,90.0,18.8
25,0,0,0,1,107.3,9.8
4,0,1,0,2,74.3,16.4
28,0,2,3,1,95.7,8.1
25,0,1,3,0,98.6,16.9
27,0,2,0,0,71.7,11.7
23,0,1,0,2,91.3,18.8
55,0,0,1,1,91.1,10.7
46,0,4,0,0,76.0,12.8
48,1,1,3,1,64.2,8.8
56,1,4,1,0,64.9,14.2
21,1,0,3,2,62.1,12.1
43,0,3,1,2,96.1,11.8
39,0,4,1,0,97.3,14.8
31,1,4,3,2,76.3,8.9
19,1,1,0,1,75.3,13.8
54,0,2,2,2,88.7,18.4
59,0,4,2,0,75.8,6.4
20,0,1,1,1,71.7,17.9
40,1,1,3,1,79.7,14.2
30,0,2,1,1,86.5,8.8
59,0,3,2,1,93.4,13.8
50,0,0,2,0,96.4,9.8
23,0,1,3,1,66.6,16.6
58,0,3,0,2,98.2,16.6
48,0,1,0,1,101.3,14.4
6,1,1,0,0,98.4,12.6
8,1,3,2,0,74.9,10.0
43,1,4,3,0,88.2,6.6
30,1,1,2,0,63.3,17.9
23,0,3,3,1,79.6,10.9
39,1,0,2,0,88.3,6.6
49,0,1,3,0,74.4,17.4
2,0,0,2,0,62.6,7.9
24,1,0,0,0,91.9,17.0
26,1,3,2,2,62.5,17.1
50,1,0,2,0,61.8,7.8
1,1,1,0,2,96.8,13.6
48,0,3,3,2,84.1,9.8
54,0,0,3,1,95.3,15.6
10,0,4,1,2,95.2,8.7
20,1,0,2,1,64.6,18.3
42,0,2,0,1,63.4,17.1
46,0,2,2,0,99.2,19.1
5,0,0,1,0,63.0,17.6
18,0,0,1,1,95.2,8.5
6,0,4,1,2,75.2,16.9
49,1,4,0,1,80.7,14.9
40,0,4,0,2,105.3,11.0
40,0,4,0,2,79.4,5.8
18,0,0,2,2,64.1,6.6
52,1,0,2,1,71.7,6.5
19,0,2,3,0,78.6,6.2
30,1,3,3,1,69.2,6.2
32,0,3,2,1,81.6,13.3
11,1,4,2,1,105.0,10.6
34,1,2,0,1,100.9,17.5
19,0,4,1,0,67.2,11.2
20,0,2,1,0,88.6,9.5
43,0,3,1,1,98.5,9.0
36,0,4,2,2,64.3,6.6
49,0,0,0,2,64.6,9.7
56,1,2,0,1,77.7,15.2
42,0,0,3,0,95.0,19.6
7,1,3,2,0,102.5,11.5
54,0,0,2,2,73.2,8.2
49,1,4,0,1,78.1,13.9
31,1,2,2,0,85.3,13.9
34,0,4,3,0,64.5,15.0
56,0,1,1,0,82.8,7.3
5,0,2,1,1,76.1,5.2
23,0,3,3,0,91.7,5.0
28,1,2,2,1,64.6,7.6
26,1,2,1,2,95.5,15.0
13,1,2,1,2,82.1,13.1
12,0,0,2,2,97.4,19.9
14,0,3,0,1,65.4,7.4
18,1,2,3,0,88.3,14.0
33,1,1,3,1,60.8,5.1
23,1,1,3,2,101.1,13.5
2,1,4,2,2,68.2,9.4
20,0,2,2,1,107.6,18.1
37,0,4,0,0,93.1,11.8
6,0,0,1,0,104.5,12.7
56,1,0,0,2,83.7,17.1
12,1,3,0,1,102.7,13.0
47,1,0,2,0,63.5,15.6
54,0,1,2,0,64.5,5.9
26,0,2,0,2,63.9,10.6
21,0,3,3,2,104.5,19.3
24,1,4,1,1,81.6,8.2
58,1,2,2,2,98.3,12.7
32,0,2,3,0,80.8,17.4
10,1,1,2,0,72.7,11.0
20,1,3,2,2,98.9,11.5
45,1,2,3,2,85.3,5.1
0,0,4,2,0,101.3,8.4
38,0,3,0,2,85.6,12.3
45,1,1,1,0,89.7,19.2
45,0,4,3,1,100.0,11.9
50,0,4,2,2,102.6,12.3
35,1,0,1,1,98.1,12.8
55,1,4,3,1,98.2,8.0
40,0,1,0,0,67.2,12.2
55,0,3,2,1,103.5,12.7
23,0,0,0,2,99.8,18.7
59,1,4,3,0,103.6,7.3
0,1,3,1,1,68.0,17.8
0,0,4,0,0,108.4,14.7
17,1,0,0,2,84.0,19.3
54,1,3,2,1,109.7,8.8
5,0,3,3,2,73.4,10.4
32,1,2,2,0,85.3,17.8
57,0,0,1,0,61.9,11.1
23,0,2,0,2,68.1,17.0
1,0,2,0,1,88.7,16.2
56,0,4,2,1,108.6,9.5
16,1,1,0,1,65.5,13.9
22,1,4,0,1,106.5,16.1
6,0,2,2,0,68.8,5.3
51,0,0,1,0,105.7,7.4
54,0,4,2,1,63.7,14.3
41,1,2,0,0,75.9,19.3
1,1,0,0,1,99.0,12.9
4,0,2,0,0,65.1,9.4
39,0,0,1,0,98.0,5.3
56,1,4,1,2,67.2,13.0
36,0,3,2,2,90.1,12.6
18,1,0,0,2,82.4,15.7
2,0,2,2,1,102.4,7.7
11,0,1,0,1,98.3,18.2
27,1,2,0,2,61.2,5.6
47,1,1,0,1,99.3,18.6
46,0,2,3,2,92.7,13.9
46,0,1,0,2,83.7,5.1
30,1,1,0,1,97.2,10.4
8,0,2,3,2,91.0,16.6
9,0,1,2,0,68.1,9.4
42,1,4,2,2,61.6,8.1
4,0,3,2,0,69.0,16.5
22,0,1,1,1,86.0,5.9
47,0,2,1,2,68.2,14.4
56,1,0,1,0,72.8,18.2
38,1,1,2,2,72.2,17.5
31,0,4,0,0,63.9,17.2
23,1,3,2,2,92.4,10.5
39,0,0,3,1,87.5,17.1
10,0,2,2,2,73.0,6.5
30,1,4,2,1,62.0,17.5
19,1,0,3,1,84.8,6.8
30,1,3,0,2,100.0,16.1
30,1,3,2,1,70.4,6.0
33,0,4,0,0,68.9,18.7
8,0,0,1,2,106.7,16.8
23,1,4,3,1,94.6,14.6
47,0,1,0,2,107.7,14.6
31,0,4,2,0,60.8,12.8
35,1,0,0,1,94.3,6.9
52,0,1,1,0,90.0,9.4
1,0,4,1,0,68.3,9.6
18,1,2,2,0,105.9,20.0
4,1,2,3,1,66.7,13.2
35,0,1,2,2,79.5,5.4
12,0,1,1,2,73.6,17.8
16,0,1,2,0,108.6,9.2
58,0,2,1,1,86.7,18.8
14,0,3,0,2,70.6,12.1
35,0,1,3,0,81.5,17.7
3,0,3,1,2,92.2,14.8
46,1,1,0,0,108.2,14.6
47,0,2,3,1,67.2,13.4
25,1,2,2,0,93.5,14.5
45,0,0,0,2,101.4,6.4
28,0,3,2,0,82.1,6.1
58,1,2,2,0,62.8,18.9
41,0,4,2,1,70.7,8.8
35,0,0,0,0,65.8,14.0
52,1,1,1,0,78.8,16.9
59,0,3,3,0,104.1,11.3
17,0,3,0,1,83.7,8.0
15,0,4,3,1,96.8,16.4
46,0,2,0,0,66.9,9.5
11,1,4,1,2,66.0,9.7
25,1,3,2,2,63.0,9.1
7,0,1,3,0,62.2,11.3
48,0,3,3,1,64.5,13.5
7,0,0,1,1,83.2,8.5
53,1,4,1,2,85.4,5.8
22,1,1,2,1,63.1,12.1
14,0,3,0,0,65.8,7.7
33,0,1,2,0,92.2,14.2
1,0,4,0,1,65.2,11.2
3,1,0,2,0,60.5,8.3
51,1,1,0,1,84.0,18.0
50,1,3,2,0,84.3,5.2
26,0,1,3,2,68.9,16.8
12,1,1,0,2,89.9,6.0
19,0,4,3,1,74.7,8.2
5,1,1,1,0,66.8,7.1
3,0,3,1,1,89.5,14.7
50,1,4,2,2,94.6,8.6
55,1,1,1,2,93.8,7.4
23,1,1,2,2,91.1,16.9
0,1,1,1,2,105.2,9.3
46,0,1,2,0,75.4,7.3
38,1,2,2,2,101.7,17.4
38,0,4,0,0,97.6,16.0
33,1,4,1,0,73.4,11.6
8,1,0,1,2,99.6,5.8
51,1,0,0,0,64.5,17.8
18,1,4,3,2,96.2,15.1
16,0,2,1,2,61.3,7.2
14,0,1,2,1,68.3,10.5
23,1,3,0,0,95.6,19.9
2,0,1,1,2,103.5,16.6
58,1,0,1,0,69.2,7.8
28,0,4,3,2,86.9,7.2
55,0,4,3,1,64.6,10.2
4,1,2,1,2,93.6,19.4
33,1,1,1,2,99.4,13.2
7,0,1,0,2,62.3,18.9
41,0,2,2,0,72.4,20.0
37,0,1,0,0,85.2,17.9
20,0,2,2,0,78.6,14.4
8,0,0,2,1,109.0,11.5
27,0,4,3,0,104.9,11.5
13,1,3,1,2,107.5,19.5
46,0,1,3,1,84.6,8.6
51,0,3,0,0,82.0,10.4
11,1,2,2,0,83.2,6.1
32,0,4,2,2,62.0,19.3
18,0,1,3,1,73.2,6.8
41,0,1,2,2,83.6,8.0
55,1,2,1,0,106.7,17.6
28,0,3,2,1,106.7,7.2
56,1,1,2,1,107.4,13.8
8,1,1,1,0,78.2,14.7
35,1,0,2,1,101.2,12.0
58,0,0,0,1,90.4,17.6
20,1,0,1,0,73.4,6.1
46,0,2,3,2,75.0,18.9
50,1,3,2,1,60.8,6.1
37,0,3,0,1,93.9,12.7
54,0,4,0,1,84.2,11.0
43,1,1,0,0,96.5,9.3
43,1,2,1,1,78.0,10.7
23,1,3,1,1,66.1,17.6
1,1,2,0,2,69.6,15.0
22,0,2,0,0,65.0,12.9
21,1,0,3,0,104.7,19.9
53,0,2,3,1,90.1,17.8
31,1,0,1,1,68.2,8.2
14,1,1,0,0,72.9,17.7
53,0,0,1,2,83.0,17.8
36,1,0,0,0,108.8,18.2
12,1,3,1,1,66.6,11.9
16,0,4,3,2,82.6,17.6
47,1,1,2,1,107.6,18.5
31,1,0,2,2,99.2,12.8
16,1,0,1,2,72.6,6.5
29,0,3,0,2,97.2,12.0
37,1,3,1,0,104.7,15.0
36,0,1,2,1,100.9,8.7
36,1,3,1,0,99.1,6.0
0,1,0,1,1,100.2,6.8
10,1,4,0,0,90.0,15.8
52,1,0,0,1,75.3,17.4
18,1,4,3,0,92.0,10.6
34,0,2,3,1,72.4,6.8
58,0,2,1,2,109.4,16.6
56,1,1,3,2,65.3,19.5
23,1,3,0,1,105.9,14.7
14,0,2,3,0,95.4,14.7
51,0,4,2,0,68.1,19.6
31,1,0,0,1,68.5,16.5
3,0,1,2,2,68.0,7.6
38,1,1,2,2,76.4,19.5
34,0,4,2,1,109.9,16.7
42,1,4,1,2,68.6,7.5
25,0,4,3,0,94.2,6.5
33,0,4,0,0,74.2,14.9
14,0,1,3,1,60.4,15.6
47,0,0,2,1,82.1,6.9
44,1,2,3,2,108.4,17.7
16,1,4,3,0,62.7,6.3
57,1,2,1,2,103.5,5.5
24,1,4,3,0,82.6,18.0
55,1,3,0,0,99.4,13.2
27,1,0,2,0,62.3,19.9
18,1,0,3,0,63.1,7.9
22,1,4,2,0,90.8,19.2
21,0,2,1,1,66.2,11.1
46,0,2,1,0,62.4,19.7
51,0,1,2,2,90.1,17.7
30,1,1,0,1,74.3,18.9
51,1,1,1,0,100.4,15.1
49,0,3,3,0,86.5,5.8
3,0,2,1,2,73.8,10.6
40,1,0,3,1,93.9,12.8
5,1,0,3,1,107.7,5.3
15,1,2,0,2,88.0,6.2
28,0,0,3,2,68.8,10.5
59,0,2,3,2,84.1,15.2
7,0,1,3,0,66.6,7.5
19,0,2,3,2,60.6,7.5
44,0,1,1,0,67.4,15.2
34,0,0,1,2,95.7,7.8
44,1,3,0,2,96.8,18.7
33,1,2,0,0,90.3,9.5
41,0,1,0,0,63.7,5.6
58,0,3,0,0,63.1,15.5
49,1,2,0,0,78.5,19.1
33,0,0,2,1,95.3,16.5
36,1,1,1,1,64.3,17.1
6,0,2,0,2,94.0,15.3
33,0,1,3,2,68.1,9.2
52,0,2,3,1,69.4,10.4
49,1,3,0,1,106.7,8.8
19,0,4,0,1,76.4,13.8
22,1,0,0,1,81.2,17.1
47,0,0,2,0,84.2,5.9
20,1,0,1,2,81.6,16.4
31,1,1,3,0,68.4,13.9
19,0,4,0,1,62.8,16.3
58,1,3,0,0,70.9,15.0
50,0,0,2,1,95.9,14.5
9,1,3,1,1,81.2,13.3
48,1,4,2,2,60.5,16.4
29,0,0,0,2,65.3,7.1
2,1,2,0,2,77.5,19.1
5,1,1,3,1,88.5,10.8
21,1,2,2,1,108.1,14.6
10,1,4,3,2,74.0,6.3
3,0,3,3,2,65.3,9.2
35,1,4,3,2,74.8,18.3
30,1,0,3,2,77.9,5.2
56,1,1,1,0,71.4,18.6
48,0,1,0,0,80.4,6.0
20,1,1,0,2,106.1,19.9
28,0,4,0,2,87.4,19.7
56,0,4,0,2,83.0,18.1
45,0,3,0,2,65.3,17.2
26,0,4,3,2,74.3,16.4
40,1,0,3,1,79.0,12.9
46,1,0,2,1,101.5,18.0
18,0,2,2,0,87.4,17.7
50,1,1,1,1,72.2,6.1
36,1,2,0,0,72.3,11.0
15,0,4,1,1,74.3,11.2
19,0,3,1,0,101.2,6.3
51,1,0,3,0,81.2,17.1
58,1,1,3,1,91.2,14.7
29,1,0,1,0,83.5,12.8
0,1,4,2,0,92.5,6.8
37,0,0,0,2,94.0,17.6
48,0,1,3,2,68.2,16.3
54,0,3,3,1,87.3,7.7
53,0,3,2,1,79.2,9.1
27,1,4,1,1,77.8,14.9
33,0,4,0,2,100.3,17.6
42,1,2,0,0,70.7,7.9
50,1,2,3,2,70.2,13.2
10,1,3,1,2,100.1,15.5
23,0,2,3,0,91.6,13.8
23,1,4,2,2,94.4,18.4
51,1,3,1,0,93.3,9.5
32,0,4,2,2,61.5,6.4
11,1,0,0,0,63.0,16.0
8,1,2,0,0,94.2,16.0
30,1,4,3,2,96.1,5.7
0,0,1,2,1,64.2,6.8
7,1,1,3,1,95.7,7.0
22,0,0,2,2,71.9,10.9
57,0,3,3,2,80.2,15.0
19,1,1,3,2,69.6,7.0
14,1,4,3,2,69.1,9.7
34,0,0,2,0,71.4,19.7
42,1,4,3,2,78.6,19.9
31,0,1,2,2,107.6,11.1
46,1,0,3,0,105.0,11.0
42,1,0,2,1,103.9,7.4
18,0,0,3,0,66.9,12.4
21,0,0,0,2,104.4,7.4
59,0,3,1,2,91.6,10.8
20,1,1,2,1,85.4,19.0
20,1,2,1,1,99.1,9.3
50,1,0,2,1,63.6,14.5
0,0,0,3,2,80.6,11.0
34,1,2,2,0,109.0,11.6
24,0,1,3,0,105.2,8.7
49,0,1,0,1,80.0,13.3
11,0,2,0,2,67.8,8.7
40,0,4,3,0,90.1,11.9
22,0,3,3,2,98.5,6.6
6,1,3,1,0,78.0,12.8
28,1,0,0,0,95.1,19.6
26,1,0,3,0,92.8,17.7
59,0,2,3,1,78.8,13.8
18,1,4,2,2,79.9,8.0
35,1,2,3,1,66.4,14.7
54,1,2,2,1,74.4,6.3
6,1,4,0,0,69.1,9.9
37,1,3,0,0,77.0,19.9
6,1,1,1,2,75.7,9.6
51,0,4,0,2,83.3,14.7
35,1,1,2,1,91.7,15.7
53,1,1,0,0,72.1,8.7
11,1,2,3,0,104.0,6.0
31,0,4,2,0,88.4,13.6
25,1,2,3,2,67.4,17.7
16,0,4,0,1,94.9,10.2
47,0,2,2,0,104.0,5.9
33,1,1,3,1,69.7,19.4
12,1,0,0,1,77.1,7.1
0,1,2,0,1,102.9,15.8
28,1,4,0,1,106.2,19.5
13,0,2,3,1,96.6,10.5
31,1,1,2,0,78.9,17.2
36,0,1,0,2,68.4,18.8
6,1,3,2,0,74.7,18.9
3,0,2,0,1,104.8,15.5
53,0,1,0,0,85.3,9.3
41,0,0,1,0,61.3,11.8
19,0,2,3,1,67.4,5.1
20,0,2,0,0,77.2,6.2
51,1,1,2,1,66.6,7.6
1,0,2,3,0,97.0,10.2
28,1,4,0,0,107.1,7.8
1,0,1,2,2,83.4,19.0
46,1,2,0,1,81.5,15.6
0,1,3,3,1,67.6,16.0
49,1,4,2,2,93.0,19.5
22,0,0,1,2,66.4,12.4
23,1,4,0,2,68.6,7.4
52,0,0,3,2,72.4,11.3
6,1,0,2,1,70.2,11.9
24,0,0,3,0,69.7,18.9
50,1,2,1,0,68.9,13.5
39,0,0,2,0,91.6,18.4
29,1,1,1,2,79.1,5.5
16,0,4,3,1,81.9,11.9
17,0,0,3,0,72.6,14.7
41,0,4,0,1,68.6,6.8
24,0,3,1,0,101.7,9.6
25,1,0,2,0,85.9,15.0
37,0,1,0,0,61.6,7.7
42,0,1,2,2,84.3,19.4
38,1,3,3,0,102.1,17.5
21,1,1,0,2,61.4,17.5
27,1,1,1,1,84.0,6.0
17,1,2,2,0,106.8,10.7
21,0,3,2,1,86.8,17.0
26,1,2,3,0,75.4,18.4
57,1,0,1,1,107.4,5.2
29,1,4,3,0,100.8,9.9
56,0,3,3,2,64.0,16.7
12,1,3,3,1,63.9,18.3
4,1,4,3,2,100.6,19.6
45,0,4,1,1,67.7,6.2
7,1,4,0,2,64.3,18.5
56,0,1,1,1,92.6,19.0
23,0,4,0,2,96.4,14.3
21,1,2,1,1,95.3,16.4
44,0,1,1,2,66.6,12.8
47,1,1,0,2,93.9,10.1
12,1,0,1,0,107.0,7.6
6,0,3,1,0,81.7,13.9
44,0,2,1,2,108.4,10.5
43,1,2,1,1,71.9,12.5
11,0,3,1,1,102.9,11.2
35,1,3,1,0,90.4,9.1
16,1,1,2,2,76.5,6.2
11,1,4,3,0,60.9,18.4
18,0,1,1,0,94.1,19.6
12,1,2,3,1,89.3,14.0
44,1,0,1,0,85.2,9.3
55,0,2,3,0,77.5,7.9
46,1,1,0,0,97.0,10.6
11,1,4,0,2,103.5,5.6
38,1,2,1,2,75.2,12.2
8,1,1,0,0,85.6,19.5
30,0,2,1,1,100.7,15.3
1,0,4,0,1,74.0,10.1
23,1,4,3,0,67.5,14.3
6,1,1,0,2,80.6,13.6
42,0,0,1,1,109.4,17.7
5,1,1,3,1,101.4,9.2
7,1,3,1,1,81.2,9.3
27,1,3,0,0,97.1,14.4
32,1,4,3,2,107.3,18.3
4,0,3,2,2,68.7,14.4
12,1,3,1,0,73.8,6.4
6,1,0,1,1,95.1,17.2
33,1,2,2,2,78.8,8.9
53,0,3,0,1,104.1,17.9
55,0,0,2,1,75.5,6.0
18,0,3,0,1,108.4,9.0
9,0,1,1,0,100.8,14.4
32,1,1,2,0,95.7,17.4
27,0,4,3,0,73.6,13.9
2,0,0,3,0,65.6,8.5
28,0,0,3,1,69.3,18.7
4,0,2,2,2,82.3,16.8
22,0,0,0,0,85.8,7.2
41,0,3,0,0,68.7,18.9
28,0,1,2,0,104.9,10.8
11,1,0,0,2,103.9,9.3
38,0,0,2,1,71.7,12.2
37,0,4,0,0,80.6,15.8
37,1,1,2,2,61.6,9.5
53,1,3,0,2,60.9,10.3
16,0,3,3,1,100.8,8.3
17,1,0,2,2,63.5,17.5
33,0,2,3,0,63.0,16.9
43,0,0,2,1,73.9,18.9
54,0,0,0,2,84.4,18.4
59,0,2,3,1,84.4,8.3
49,0,3,3,0,108.4,14.0
7,0,1,3,1,89.7,6.1
55,1,0,3,2,61.2,6.4
39,0,2,2,1,108.3,9.1
49,0,1,0,1,109.0,19.5
17,0,0,0,0,77.1,16.4
51,1,3,3,1,72.9,5.9
17,1,2,1,2,66.1,9.5
5,1,1,3,0,79.7,13.2
9,1,4,1,1,86.7,9.6
21,1,3,0,0,63.3,11.5
53,1,0,0,0,100.9,16.1
16,1,4,2,1,71.9,18.1
27,0,4,3,1,73.0,16.9
48,1,1,2,0,103.2,19.1
26,1,0,1,0,69.1,15.3
7,1,0,2,2,106.9,19.5
53,1,0,1,1,101.0,16.6
55,0,3,2,0,92.6,17.4
42,0,1,3,1,103.8,8.4
47,0,3,0,2,92.7,6.2
32,1,3,1,1,95.6,12.1
24,1,0,1,1,60.3,14.5
29,1,1,2,2,77.0,9.2
0,1,2,1,1,73.6,19.9
52,1,3,3,1,62.9,18.5
44,1,1,3,0,86.7,19.0
11,0,2,3,2,85.9,17.9
34,0,2,1,0,66.2,13.5
30,0,1,3,2,86.6,13.5
29,1,3,3,1,109.5,19.1
27,1,1,1,1,93.0,13.5
20,1,1,3,1,97.4,15.4
14,1,1,0,2,100.0,7.0
5,1,2,3,0,81.1,13.0
14,0,1,1,0,93.6,6.0
29,1,3,3,0,65.9,15.0
16,0,0,2,2,64.6,5.4
38,0,1,2,0,109.2,9.3
50,0,0,3,1,69.5,17.3
32,0,0,0,1,94.8,18.1
52,1,3,0,1,100.0,7.2
48,1,1,2,1,79.5,11.6
14,0,1,1,1,82.1,19.5
1,1,0,2,0,63.8,14.9
44,1,2,2,1,82.1,15.1
22,0,4,3,1,84.6,11.2
7,0,3,2,1,78.1,5.1
47,0,2,0,2,98.1,12.7
45,1,1,0,0,62.9,19.8
10,1,2,3,2,79.2,13.7
11,0,4,0,1,61.2,9.0
32,0,0,2,1,71.9,14.1
36,0,3,1,0,99.1,5.0
4,1,3,3,2,68.1,17.7
43,0,1,2,1,62.9,9.6
50,1,4,1,2,73.2,17.9
24,0,1,1,1,66.6,9.9
11,1,0,2,1,106.0,16.8
14,0,0,1,0,76.1,13.2
53,0,4,3,2,89.3,14.9
36,1,4,1,1,101.2,7.1
33,1,1,2,0,78.9,9.7
25,1,1,2,1,94.2,7.4
16,1,4,2,2,77.0,19.3
43,1,4,3,0,71.7,10.9
41,1,1,1,1,81.8,8.0
39,1,0,3,1,92.3,18.1
6,0,2,2,1,81.3,5.0
28,1,1,1,1,82.3,14.1
38,0,0,0,2,66.8,18.0
30,0,4,2,2,73.9,18.7
20,1,2,3,1,90.8,12.5
26,1,1,2,2,87.0,13.1
15,1,3,2,0,72.5,14.5
58,0,2,2,1,85.9,10.5
0,1,1,1,2,109.5,6.0
7,1,3,2,2,65.3,19.1
23,0,1,3,0,81.0,10.9
15,0,3,1,0,92.0,11.9
56,0,3,0,0,100.3,8.9
14,0,1,3,2,97.5,9.3
20,0,2,2,1,106.3,14.9
4,0,3,0,0,90.0,14.4
42,0,2,3,0,60.3,11.6
35,0,4,3,2,73.1,13.4
5,1,3,0,2,65.2,18.9
32,1,3,3,2,77.3,11.5
17,1,4,3,1,102.8,7.1
48,1,3,3,2,98.1,6.3
38,1,0,1,1,67.9,8.9
29,1,2,1,1,109.2,5.4
44,1,0,3,2,94.2,6.6
32,1,1,3,1,91.9,10.1
22,0,3,2,2,66.4,18.3
39,1,0,1,0,79.2,8.1
50,1,0,3,1,78.9,10.5
8,0,2,1,0,71.2,14.6
22,0,1,3,1,91.8,7.4
8,0,0,2,0,83.6,8.2
13,0,2,1,1,104.3,11.7
53,1,4,2,1,90.8,6.0
11,0,0,0,1,95.7,17.4
55,1,4,1,1,84.2,17.5
39,0,0,0,0,84.6,14.9
3,1,0,1,1,70.6,15.4
21,1,3,1,2,101.1,10.1
25,0,2,3,2,107.5,14.4
49,0,0,1,1,69.5,6.6
38,1,3,0,0,66.9,13.3
27,0,1,2,1,79.5,19.0
11,1,4,2,1,100.7,16.6
43,1,3,3,1,106.0,5.4
15,0,2,1,2,97.5,13.2
18,0,1,2,1,96.0,11.4
30,1,0,3,0,95.1,12.9
21,1,1,1,1,97.8,6.5
47,1,3,1,1,98.3,6.0
20,0,0,1,1,87.6,6.3
17,0,1,3,2,86.4,11.2
26,1,1,3,1,84.6,11.7
25,0,2,1,0,106.4,12.8
29,1,3,3,0,87.6,6.5
38,1,4,3,2,67.8,17.5
44,1,0,1,2,65.6,5.2
43,0,3,0,0,80.5,8.1
55,0,0,1,0,80.4,10.1
20,1,1,2,2,101.1,8.2
23,0,0,2,0,95.9,12.9
22,1,1,2,2,104.3,8.0
14,0,1,0,2,103.8,19.4
23,0,3,1,2,88.8,6.4
11,0,3,0,1,101.5,12.0
49,0,2,0,0,105.6,11.9
56,0,1,0,1,63.7,16.4
46,0,2,3,2,70.2,18.2
11,1,3,3,0,99.3,15.4
42,1,2,0,1,75.1,10.8
38,1,3,1,2,107.5,10.7
27,1,4,0,1,89.7,11.7
0,0,4,1,1,93.8,6.4
20,0,3,0,2,70.8,19.2
45,1,4,2,1,65.3,19.6
57,0,2,2,0,63.1,10.9
12,0,1,1,0,95.5,19.6
26,0,4,0,2,70.2,12.4
15,1,3,3,0,64.8,7.4
27,1,2,1,2,83.4,12.9
26,1,2,0,2,92.3,7.8
53,1,0,1,0,78.2,11.1
34,0,4,3,2,76.8,9.3
52,1,4,2,2,97.6,6.0
19,1,3,0,1,76.9,18.7
22,1,1,3,0,64.6,14.2
1,1,4,0,1,65.7,19.2
23,0,3,3,0,81.2,6.3
4,0,2,1,2,106.1,16.6
14,1,0,1,2,69.2,19.8
33,0,4,3,2,108.6,18.8
40,0,2,2,1,103.2,11.8
35,0,3,2,2,85.5,5.4
48,0,4,3,2,94.8,12.8
55,1,2,2,1,63.9,17.0
2,1,4,1,1,82.7,14.3
32,0,4,0,2,78.9,7.2
30,1,3,2,0,80.0,19.6
29,0,2,3,2,73.7,8.9
15,0,0,2,1,80.0,16.2
50,0,4,0,0,86.7,17.6
0,0,1,3,2,95.3,17.1
22,0,0,3,2,93.3,6.5
42,0,2,3,2,61.4,9.6
34,0,3,1,1,91.5,19.1
53,1,0,2,1,60.5,6.8
2,1,0,1,1,85.8,15.3
50,1,2,0,0,82.4,19.9
22,0,1,3,2,93.8,13.4
51,0,2,1,2,66.6,6.5
8,1,4,2,0,67.4,5.9
25,1,1,1,0,66.8,12.6
24,1,2,0,1,107.5,5.9
22,0,0,3,2,68.4,7.4
50,1,4,1,0,96.6,16.0
13,0,4,3,0,64.7,10.4
54,1,0,0,2,65.2,11.3
11,0,0,0,1,78.1,12.6
12,0,2,0,1,94.3,19.9
17,1,2,2,1,109.3,12.6
38,1,0,2,0,86.2,5.8
4,1,0,3,1,96.3,10.9
35,0,0,0,2,72.3,17.0
14,0,3,0,1,83.7,10.9
0,1,3,3,1,63.4,11.5
34,1,0,0,1,76.1,7.8
47,0,4,0,0,104.5,5.4
8,0,0,1,2,65.7,17.1
58,1,0,3,2,92.2,10.7
8,1,4,2,2,98.6,17.9
5,1,1,2,0,96.8,10.5
30,1,1,2,2,75.3,17.9
17,0,3,0,2,64.7,9.1
0,1,2,2,2,106.7,16.6
20,1,3,3,2,85.5,14.0
58,1,0,0,0,67.4,6.6
28,1,3,1,1,65.7,10.8
34,1,0,0,0,68.8,19.4
50,0,4,2,1,77.2,18.4
34,0,0,2,0,108.3,14.1
43,1,4,3,1,88.2,13.0
54,1,2,3,0,93.8,8.0
54,1,2,2,2,73.3,10.6
12,1,4,3,1,85.7,6.6
59,0,0,2,2,71.5,11.7
42,0,0,3,2,68.8,7.2
25,0,2,2,0,67.9,18.1
7,0,2,3,1,108.9,10.9
20,0,0,3,2,96.9,5.5
39,0,3,0,0,85.8,17.4
30,1,1,0,2,77.6,14.9
37,0,2,3,0,63.3,18.1
37,1,1,2,1,97.8,12.8
52,0,3,1,1,81.1,8.8
34,0,3,2,1,106.6,18.9
3,1,0,3,0,103.1,7.9
30,1,3,3,0,107.5,12.3
2,1,4,3,1,93.3,10.8
6,1,2,2,0,107.4,12.6
56,1,1,3,1,63.5,16.4
41,0,4,3,2,78.8,18.4
19,1,1,1,0,83.9,7.9
51,0,1,2,0,96.8,18.9
46,0,3,2,2,103.2,13.9
57,0,3,0,1,75.8,17.5
44,0,1,1,2,66.5,14.4
48,0,2,0,2,66.3,18.3
0,1,0,0,2,101.6,14.5
1,1,1,3,1,75.2,6.4
28,0,4,1,1,60.2,5.2
34,0,4,2,1,73.7,14.8
42,0,3,1,0,101.6,6.8
27,1,2,3,1,65.2,11.9
33,0,4,2,2,89.2,17.3
18,0,4,3,2,97.1,16.4
30,1,3,3,0,78.9,12.7
24,1,2,3,0,74.8,15.0
57,1,0,0,0,97.3,8.0
26,1,0,2,2,72.3,18.1
27,1,0,2,0,61.9,8.1
31,1,1,1,0,61.4,5.3
36,0,0,1,2,83.2,14.4
23,0,2,2,0,66.5,19.3
9,1,2,3,1,88.5,15.0
42,1,0,3,1,61.4,9.0
17,1,3,0,1,61.4,8.8
26,0,0,3,2,90.7,10.6
32,1,0,1,2,68.9,18.8
53,0,2,0,1,109.9,7.7
30,1,4,0,2,70.8,19.2
53,0,3,0,0,69.7,9.2
37,1,2,2,1,99.4,6.8
18,0,4,2,1,64.1,11.7
33,0,1,0,1,70.9,6.5
34,1,4,3,0,82.6,10.4
8,1,3,1,2,86.6,5.6
45,0,2,2,1,95.6,19.9
56,0,0,1,2,87.1,15.1
34,1,1,3,0,92.0,9.4
19,0,3,1,1,68.0,15.6
42,1,3,3,1,90.2,13.1
26,1,3,1,0,94.7,10.1
34,1,1,1,1,98.3,8.0
51,0,4,3,1,83.5,12.4
18,1,4,0,1,101.4,15.5
56,0,3,2,0,62.0,8.1
9,1,2,2,0,109.2,14.4
50,1,0,1,1,108.5,12.5
3,0,1,0,2,85.7,10.0
54,1,0,3,0,104.3,15.4
5,1,1,0,1,70.1,19.8
53,0,0,2,0,82.9,7.9
48,0,3,1,0,65.8,7.9
29,0,2,1,2,77.9,19.0
4,1,0,2,2,96.8,19.8
49,0,0,0,2,107.6,7.2
59,0,0,0,2,102.8,16.2
53,0,1,1,1,65.7,6.2
15,0,0,0,0,101.8,14.5
7,1,0,2,0,102.7,16.1
42,0,0,2,1,93.1,15.6
29,1,3,1,2,62.2,8.8
54,1,1,0,1,96.2,7.4
27,1,1,0,2,71.9,11.4
36,1,4,2,1,65.6,19.8
4,0,4,0,0,68.7,16.8
37,1,4,3,0,74.4,18.1
5,0,2,2,1,89.1,14.7
34,1,4,1,0,62.5,19.1
3,0,4,2,1,63.3,19.8
18,1,2,2,0,71.5,13.7
25,1,0,3,0,86.2,18.4
29,0,4,2,1,106.7,12.2
11,1,1,1,0,108.2,16.1
41,1,0,0,1,105.4,13.2
43,0,3,2,2,60.8,16.5
45,0,1,1,1,97.9,13.4
19,1,3,3,0,95.2,17.3
25,0,4,3,0,105.6,7.1
31,1,4,1,0,103.6,9.1
8,0,4,2,1,88.7,14.8
8,0,1,2,2,61.4,5.2
49,1,2,1,1,61.5,19.5
2,0,4,0,0,94.3,11.1
16,0,0,3,0,97.9,11.5
6,1,4,0,0,108.5,5.3
23,1,3,3,0,93.0,15.3
20,1,0,3,2,74.2,6.4
50,1,3,0,2,85.1,18.3
37,0,2,3,2,75.2,9.4
42,0,0,3,2,109.3,12.1
39,0,1,3,2,66.5,7.8
58,1,4,1,0,83.4,9.1
59,1,2,0,2,90.5,17.6
29,0,1,0,0,107.4,16.6
16,0,3,1,1,71.9,11.2
48,1,0,0,2,74.9,6.1
22,0,4,0,1,62.5,11.0
2,0,1,2,0,78.8,15.8
33,1,1,0,2,72.0,14.8
35,1,1,3,2,103.5,7.1
49,0,1,3,2,107.1,8.8
26,1,0,2,1,99.5,11.6
4,1,3,2,2,86.8,11.8
39,0,2,2,2,72.8,5.4
11,0,2,1,2,100.2,8.1
7,0,2,3,2,72.0,19.9
40,0,4,3,1,106.6,19.7
15,0,1,0,1,88.0,15.8
46,1,1,2,2,92.2,15.4
16,1,3,0,0,77.4,18.4
0,1,1,2,2,100.4,9.4
53,1,2,1,0,68.9,15.5
51,0,2,3,1,95.1,9.6
37,0,4,2,2,82.9,9.0
35,0,2,1,2,62.2,8.9
44,1,2,1,1,97.2,10.6
40,1,4,0,2,79.0,19.8
43,1,3,3,1,109.6,19.0
59,0,3,0,1,63.6,7.9
44,0,3,2,1,64.6,12.9
0,1,2,3,1,96.8,14.2
28,0,3,1,2,97.5,8.7
55,1,2,2,1,61.5,18.1
26,0,3,2,2,109.3,11.8
11,0,0,1,1,96.5,14.7
59,0,1,2,0,86.9,8.1
9,1,2,2,0,75.2,15.7
34,0,1,1,0,68.2,15.9
2,1,1,3,1,73.9,8.8
19,1,2,3,2,60.6,11.1
26,0,3,3,1,83.0,15.8
19,1,1,2,2,104.5,12.9
10,0,4,2,2,108.7,17.9
4,0,4,2,0,108.7,11.6
54,0,4,3,0,97.7,10.5
30,1,4,0,0,69.3,18.9
36,0,0,2,0,65.7,15.0
38,0,0,3,1,101.1,15.4
50,0,4,1,2,65.3,5.6
53,1,0,3,0,100.3,9.8
34,1,0,1,2,63.5,18.3
11,1,2,0,1,84.2,7.2
48,1,3,0,2,91.6,7.6
7,0,2,3,1,70.4,14.9
48,0,4,1,1,85.9,9.1
43,1,2,1,1,85.0,19.1
49,1,2,3,1,76.2,17.1
51,1,0,2,0,61.1,19.6
50,1,1,2,2,91.2,13.0
43,0,0,0,0,102.6,10.2
9,1,2,0,1,105.1,5.8
51,1,0,3,0,96.5,19.1
52,1,4,3,2,76.7,6.9
3,0,1,2,0,66.3,10.8
36,0,0,1,1,104.8,11.5
24,1,1,0,0,88.8,11.8
24,0,2,2,0,90.2,7.3
52,1,2,1,0,101.8,10.2
17,1,0,3,1,98.0,9.2
45,1,1,3,0,94.4,19.6
49,0,0,3,1,65.3,10.6
36,0,0,2,0,65.0,15.8
39,1,2,3,2,72.3,12.2
14,0,4,0,1,99.3,19.9
57,0,0,0,2,83.3,17.0
0,1,0,0,0,68.1,15.0
10,1,1,2,1,85.0,13.1
38,0,2,3,1,88.0,18.2
31,0,3,2,1,73.6,12.3
17,1,2,0,0,94.8,13.5
20,1,1,1,0,66.2,10.9
45,1,4,2,1,86.7,7.8
48,1,4,0,1,87.0,12.0
34,1,1,0,1,62.3,14.5
5,1,1,3,2,62.2,11.9
54,1,2,0,0,63.9,18.0
51,1,0,2,0,90.3,8.2
51,0,1,3,0,60.3,19.6
17,0,1,2,0,102.1,18.1
1,0,1,1,1,79.0,15.6
33,0,4,3,0,103.5,14.6
15,0,4,1,0,82.8,19.5
37,0,3,3,2,104.2,10.3
29,0,4,1,0,81.8,19.9
1,0,4,0,1,105.1,15.6
37,1,1,3,0,65.3,13.5
50,0,4,0,2,75.1,18.1
47,1,2,3,1,103.2,6.7
12,0,4,1,2,107.0,9.2
32,0,0,0,1,108.6,13.8
17,0,3,3,2,61.1,9.3
17,0,2,0,1,84.3,18.9
33,1,0,2,2,80.5,9.3
46,0,0,0,0,96.6,19.3
39,1,3,2,0,90.9,13.7
37,0,0,0,0,75.8,12.7
11,0,2,0,2,71.4,15.8
21,0,3,1,1,60.6,14.8
2,0,1,1,1,94.0,17.6
41,1,3,3,2,71.2,6.3
25,1,2,2,0,82.7,9.1
10,0,4,2,2,80.7,10.8
26,0,0,2,0,84.3,5.6
7,0,4,2,2,84.6,7.2
23,1,2,2,1,104.0,8.0
35,0,2,2,1,72.9,19.2
7,0,2,0,1,103.0,11.2
9,1,1,1,2,92.9,18.9
11,1,1,0,1,83.7,17.0
8,0,4,1,0,60.7,16.2
21,1,1,3,1,77.9,9.7
34,0,0,0,1,83.5,18.3
22,0,3,3,0,78.9,17.8
51,1,0,1,2,60.9,18.5
9,1,4,0,1,88.8,18.5
14,0,4,1,0,102.3,16.6
17,1,4,2,2,90.9,6.7
5,1,2,3,0,108.4,8.4
27,0,0,2,1,82.6,7.6
43,0,0,2,1,105.6,12.6
28,0,4,3,0,87.1,9.7
29,1,1,2,2,97.6,14.5
55,0,1,2,1,60.9,7.0
24,0,3,1,1,78.5,11.1
10,0,0,2,1,93.4,17.0
49,1,0,0,2,61.3,7.5
9,0,0,1,0,86.2,15.4
8,1,1,0,0,97.9,16.8
2,1,1,1,1,69.0,9.4
32,1,0,3,2,77.2,9.6
39,0,2,1,0,67.3,13.9
2,1,0,2,0,74.6,10.3
15,0,2,1,0,88.5,16.0
53,1,1,1,1,78.2,6.6
54,0,4,2,1,74.0,8.9
49,0,2,2,2,76.7,14.0
41,1,3,2,0,69.9,8.1
29,0,1,0,2,101.8,17.6
16,1,0,2,2,104.1,18.9
2,1,2,2,0,108.5,14.1
32,1,2,3,1,60.0,18.7
52,1,1,1,0,72.3,16.1
13,0,2,2,1,85.4,18.0
47,0,0,0,0,99.2,15.3
40,0,4,3,2,61.5,11.7
20,1,1,1,2,60.9,19.0
46,0,4,1,0,61.1,7.6
35,1,0,3,1,91.1,15.5
30,1,2,1,1,62.3,9.5
57,0,2,1,1,65.5,14.2
17,0,3,0,1,61.3,11.5
4,1,0,1,1,62.5,12.0
15,0,0,2,0,73.0,11.0
8,1,1,3,0,103.5,14.9
42,1,0,2,0,86.0,8.8
46,1,1,1,0,76.7,19.4
3,0,0,3,2,71.3,14.1
13,1,1,3,0,108.3,12.3
24,1,0,1,0,71.4,5.0
37,1,4,1,2,82.1,7.0
3,0,2,2,2,79.5,6.8
52,1,2,1,1,98.8,19.3
3,0,3,0,1,83.8,13.5
23,0,1,0,2,65.9,19.6
2,1,4,3,1,109.0,7.8
4,1,2,2,2,100.3,9.5
48,0,3,1,0,72.0,15.2
49,1,0,0,0,98.7,14.0
25,1,0,1,1,74.4,15.6
30,1,1,1,1,64.1,12.4
10,1,2,3,0,101.0,7.2
37,0,1,3,1,63.9,6.4
13,1,2,0,2,88.4,6.6
28,0,1,3,0,90.2,5.9
45,0,2,3,0,76.7,18.8
4,0,4,0,1,81.5,13.1
31,1,3,0,2,66.9,14.5
4,1,3,2,1,101.1,19.7
16,1,3,3,2,71.1,10.9
29,1,2,0,1,97.5,11.1
47,0,4,3,0,74.0,13.6
47,0,1,2,1,89.4,12.9
19,1,3,3,2,97.9,14.9
22,1,4,2,1,97.4,11.6
23,0,3,2,0,70.8,9.7
51,0,1,0,1,67.7,9.2
42,1,1,0,2,84.5,10.9
40,0,1,0,1,67.5,9.9
56,0,2,1,2,74.0,16.8
53,0,4,3,0,106.0,6.7
58,0,3,1,2,72.9,6.5
38,0,0,0,0,81.7,16.9
29,1,1,1,0,99.8,9.8
34,1,3,0,2,87.5,16.5
27,1,0,2,1,101.8,16.2
2,0,2,1,0,74.2,11.1
54,1,0,2,2,73.0,11.3
59,0,4,1,0,87.2,17.5
37,0,3,3,0,95.7,12.7
11,0,0,3,1,87.1,12.5
34,1,2,1,2,81.3,17.7
55,0,3,3,1,68.2,14.8
57,0,2,0,2,68.6,13.3
51,0,2,2,0,86.0,9.9
24,1,3,3,0,71.3,6.8
9,1,4,0,0,98.9,9.9
31,1,4,2,0,76.0,14.6
13,1,0,1,1,68.7,8.0
28,0,4,2,1,84.7,19.8
6,0,4,0,0,89.3,8.2
50,1,2,1,2,102.7,5.3
20,1,2,1,0,84.2,12.2
21,1,1,3,1,73.2,11.5
7,1,0,2,1,89.4,19.7
1,1,4,2,1,79.8,7.7
7,1,1,1,0,64.6,9.0
51,1,4,3,1,76.1,12.1
28,0,0,1,0,60.2,16.6
32,1,2,0,2,70.6,12.6
8,0,4,1,2,72.4,6.7
27,1,1,3,1,61.0,15.7
57,1,4,0,2,62.3,6.6
29,1,2,3,1,99.1,10.3
55,1,2,3,0,97.0,16.7
40,0,1,2,0,67.9,16.6
11,0,0,2,0,93.1,7.1
52,0,4,3,0,105.9,6.2
8,1,4,3,0,82.1,20.0
36,0,3,1,1,84.7,17.6
42,1,1,0,1,87.3,18.3
47,1,4,0,2,105.9,7.3
5,0,3,3,2,96.6,12.3
59,0,4,0,0,88.5,13.8
38,0,2,2,1,99.8,9.1
45,1,4,1,1,90.8,5.3
27,0,2,2,2,68.9,15.8
7,0,3,3,2,61.4,5.8
24,1,2,3,1,96.7,14.6
20,1,2,1,0,99.6,15.4
19,1,1,2,2,65.7,18.4
43,1,4,0,1,95.0,10.5
56,0,2,3,1,90.6,7.8
11,0,0,2,2,80.4,13.9
50,1,2,2,2,78.5,18.0
2,0,4,0,0,98.6,18.8
5,1,1,2,1,84.2,19.9
40,1,1,2,0,84.7,19.8
26,0,2,1,2,89.2,12.9
41,0,0,1,1,93.2,13.0
51,0,2,3,2,95.3,13.0
7,0,3,3,0,108.9,14.6
6,1,4,1,0,67.5,14.8
17,1,0,1,2,74.8,16.7
39,1,3,2,0,95.0,10.6
17,1,1,0,2,61.3,6.3
36,0,3,3,0,102.2,9.4
3,0,2,1,0,108.1,5.4
56,1,1,3,1,92.5,6.5
12,1,0,0,1,99.1,10.9
50,1,2,1,2,76.4,12.7
18,0,2,2,2,72.1,8.0
4,1,2,0,1,81.2,12.0
41,0,1,3,1,72.2,19.4
28,1,2,1,0,93.3,19.7
41,1,3,3,2,60.5,14.7
36,0,0,0,1,68.5,5.5
22,0,1,0,0,71.1,12.9
52,0,0,2,2,77.7,6.0
39,1,4,0,0,107.4,6.7
1,0,1,1,0,99.3,15.8
42,1,0,0,0,70.1,8.7
0,1,0,1,1,67.5,13.1
53,1,2,0,1,68.5,8.4
4,1,2,1,1,62.1,20.0
2,1,1,3,2,94.9,18.3
2,0,1,3,0,94.8,5.6
38,0,1,0,0,89.0,9.6
6,1,2,3,2,97.1,10.7
17,1,1,2,1,71.7,19.7
48,1,3,1,0,105.4,14.0
41,1,0,1,2,78.1,5.1
12,1,2,2,0,91.6,18.1
15,1,4,0,1,64.0,17.9
29,0,1,2,1,95.5,11.9
24,1,2,1,1,60.8,5.7
19,0,0,1,0,61.1,14.0
49,1,4,0,1,90.0,11.9
9,1,3,2,2,66.2,19.4
55,1,3,3,2,81.4,17.9
27,1,2,0,1,73.9,16.6
58,0,1,0,2,102.2,6.3
48,1,1,1,2,77.8,12.5
9,0,4,1,2,97.0,10.6
6,0,2,2,0,105.0,17.3
6,1,3,1,2,100.5,19.5
40,1,3,0,0,80.0,15.5
10,1,2,3,1,102.1,17.1
9,1,2,0,2,74.9,13.1
20,1,3,1,2,72.9,9.6
30,1,1,2,1,77.9,12.6
8,0,4,3,1,68.2,5.9
20,1,4,1,1,109.3,7.4
43,0,0,1,1,71.9,18.0
55,1,1,3,2,94.8,11.4
14,0,1,1,2,75.8,8.9
55,1,1,1,0,76.5,7.4
4,0,4,0,2,99.3,14.9
38,1,0,0,2,78.1,19.8
48,0,3,2,1,62.1,14.8
5,0,4,3,2,98.7,18.4
31,1,3,3,0,88.6,7.0
58,1,0,2,0,84.2,16.5
53,0,4,1,1,100.2,19.7
54,1,4,2,1,83.0,8.3
15,0,1,0,1,85.7,12.0
2,1,3,2,0,70.9,16.2
13,0,2,2,1,66.2,11.3
56,1,1,2,1,90.0,11.2
38,1,2,2,2,68.2,11.6
20,1,0,0,0,105.5,13.8
16,1,0,0,1,65.3,7.0
54,0,2,3,1,95.0,12.6
50,0,3,1,1,74.5,6.1
7,0,1,0,1,61.3,11.0
8,1,3,2,2,82.3,8.6
55,1,3,3,1,101.2,8.7
50,1,3,1,0,93.0,10.3
8,1,1,2,0,90.3,6.6
5,0,3,3,1,104.2,10.8
42,0,2,2,0,84.9,7.6
37,0,2,3,1,78.2,7.5
41,0,2,3,0,105.7,12.6
42,1,0,2,0,75.4,15.6
52,0,0,2,1,103.3,8.0
8,0,4,1,2,86.0,17.2
51,1,3,2,1,74.5,19.1
7,0,4,2,2,96.2,18.3
42,0,3,3,2,69.8,13.9
40,0,3,3,0,93.9,18.5
23,0,3,1,1,65.2,16.7
50,0,1,1,2,80.6,16.8
29,0,3,0,1,65.6,6.2
38,1,4,0,0,93.8,6.3
15,0,2,1,2,89.0,7.5
24,0,0,0,0,64.7,16.9
57,0,2,0,2,70.9,14.5
28,1,3,0,0,88.5,18.6
8,1,0,1,1,104.3,8.9
8,1,1,3,0,64.3,9.6
19,1,1,2,0,70.4,14.6
20,0,2,3,0,102.8,15.5
35,0,2,3,1,62.9,19.6
10,0,3,0,0,70.2,11.1
20,0,3,1,2,87.2,11.1
20,0,2,0,1,101.4,5.5
18,0,3,3,2,84.5,10.8
46,0,1,1,2,105.6,19.9
56,0,1,0,1,64.7,13.9
2,0,3,0,1,75.5,7.9
19,0,4,2,2,84.2,5.6
10,1,1,2,1,104.4,6.6
11,1,1,2,1,71.0,12.7
49,1,2,3,1,75.8,18.4
43,0,2,2,2,68.4,19.5
35,0,1,3,1,89.9,10.1
14,0,0,0,2,73.6,6.7
19,1,3,0,0,105.8,14.1
41,0,0,2,2,63.5,11.3
8,1,2,3,1,92.4,14.8
12,0,3,0,1,69.0,8.4
17,1,1,3,0,98.0,12.8
36,1,2,1,1,107.8,17.4
48,1,1,1,0,102.4,16.4
37,1,2,0,1,85.5,16.1
53,1,3,3,2,96.8,11.7
37,1,2,1,1,79.6,10.7
47,0,4,2,0,94.1,17.4
10,1,0,1,2,92.6,14.8
13,1,1,2,2,85.5,15.2
45,0,2,2,1,103.1,11.7
59,1,0,3,1,97.8,15.5
24,1,3,0,0,107.6,15.7
32,1,3,0,0,105.7,10.7
57,1,2,3,0,65.9,9.4
18,1,0,1,2,62.3,13.8
48,0,1,1,0,99.8,6.7
13,0,3,2,0,80.7,11.5
1,1,0,0,2,102.1,15.3
40,0,1,2,2,74.6,14.5
18,0,0,0,0,68.0,6.1
48,1,3,2,1,109.3,13.1
5,1,3,2,1,103.6,18.9
30,1,3,2,1,108.4,11.8
26,0,1,1,2,74.9,14.5
54,1,3,0,0,91.6,6.0
9,0,4,1,2,102.1,16.0
36,1,2,3,2,77.9,8.5
16,0,2,2,2,71.8,17.7
16,0,0,2,0,83.2,13.8
50,0,4,0,0,106.7,15.8
40,1,3,3,1,92.6,6.2
52,0,1,3,1,105.3,11.8
31,0,4,3,1,104.9,14.0
21,1,0,2,2,86.2,19.9
14,1,0,3,2,106.7,15.5
50,1,0,3,1,75.1,12.6
36,1,2,0,2,73.6,18.1
35,1,0,2,0,67.6,7.2
45,1,0,3,2,73.7,16.8
19,0,0,2,0,91.8,7.0
10,0,2,3,1,80.3,10.7
16,1,0,2,2,89.3,13.7
52,0,3,2,1,87.0,15.3
45,0,2,2,0,88.2,11.0
51,1,0,2,2,67.0,19.1
31,1,2,0,0,105.8,11.1
24,0,1,3,1,92.9,16.3
0,1,1,0,1,75.4,7.5
42,1,4,1,0,75.2,15.2
9,0,2,1,2,80.5,10.4
31,1,1,3,2,83.2,11.6
55,1,1,1,2,60.1,18.8
58,0,3,2,0,83.5,13.6
48,1,3,0,1,71.5,9.7
42,1,2,0,0,82.6,5.3
59,0,4,3,0,84.0,19.6
41,0,3,0,1,60.9,9.6
19,0,0,3,1,91.5,8.3
24,1,3,3,1,92.3,5.9
52,1,1,2,1,107.2,17.4
29,0,3,1,1,94.1,10.3
9,1,4,2,1,96.1,14.7
26,0,2,3,1,73.2,15.6
28,1,3,0,2,90.1,7.0
19,1,0,2,0,87.9,5.4
6,0,2,0,1,81.0,10.7
30,0,4,3,1,92.5,8.1
56,1,0,1,0,79.8,17.1
39,0,0,3,2,103.1,13.6
16,1,3,1,1,109.7,8.4
42,1,0,3,2,60.4,18.4
34,0,0,2,0,77.7,12.2
53,0,3,2,2,109.6,15.4
1,0,0,0,2,90.4,12.7
35,1,3,1,2,87.5,8.6
21,1,0,1,2,61.0,17.4
18,0,3,1,0,82.5,8.0
59,0,3,3,2,74.3,11.0
41,1,0,2,0,63.2,12.3
53,0,0,1,1,90.1,11.9
16,0,4,2,1,96.1,15.8
2,0,0,2,1,81.6,6.9
30,0,4,1,2,82.7,9.6
12,0,1,0,0,81.5,15.4
19,1,4,1,1,79.5,9.0
19,0,2,0,1,91.2,7.2
43,0,1,0,0,83.6,17.7
38,1,4,0,1,94.2,9.8
20,0,1,0,1,79.4,14.9
35,0,2,3,2,102.9,8.0
10,1,2,2,1,66.0,17.2
35,0,2,0,1,94.7,18.5
18,0,0,1,0,90.7,19.0
43,1,1,1,1,104.7,8.2
52,0,3,3,1,82.3,7.6
7,0,2,3,0,97.5,11.6
21,1,4,2,0,71.5,8.0
58,1,3,2,1,84.8,5.3
40,1,0,0,0,65.0,19.7
19,0,4,3,0,109.5,11.1
46,1,1,0,1,75.1,15.1
59,0,3,1,0,65.4,11.2
24,1,0,2,1,103.2,17.8
49,1,1,1,1,77.0,5.2
57,0,1,1,2,105.0,9.2
6,1,2,2,0,75.5,14.6
40,0,1,2,2,107.6,13.3
19,0,3,1,0,103.2,11.3
51,0,4,0,0,99.6,11.3
7,0,3,3,0,82.5,15.7
56,1,4,2,0,81.5,14.9
12,1,1,1,0,91.9,12.7
44,0,2,0,1,66.2,5.3
11,1,0,3,1,108.7,8.6
54,1,0,0,2,83.3,11.4
4,1,0,0,0,70.0,15.6
10,0,1,0,1,60.5,17.5
32,1,1,2,1,101.8,17.0
13,1,3,1,2,108.9,8.5
3,1,2,1,0,70.5,9.0
16,0,0,0,1,91.2,11.7
36,1,4,3,2,106.1,15.2
9,0,4,2,1,86.7,19.5
56,1,0,0,0,78.4,17.4
9,0,0,2,0,65.1,5.4
19,0,0,1,2,83.4,19.5
8,0,3,3,1,109.6,17.7
54,1,3,3,1,61.5,12.8
0,0,0,2,0,88.7,6.1
16,1,1,3,1,91.9,11.1
18,1,4,1,0,91.0,13.8
7,1,4,2,0,101.0,7.0
57,1,2,2,0,99.7,19.9
55,0,3,3,2,89.7,15.1
44,0,3,2,2,91.6,19.9
38,0,1,0,0,93.8,17.4
51,1,4,1,0,103.7,14.5
38,1,4,2,2,101.5,11.8
6,0,0,0,1,68.1,17.9
46,1,2,3,0,96.2,19.6
25,0,0,0,2,82.3,6.4
13,0,2,2,2,73.3,8.2
4,1,4,2,1,108.2,13.9
37,1,2,3,0,72.3,12.3
30,0,3,3,1,80.1,5.6
43,1,4,1,0,97.5,8.0
11,1,1,0,2,95.7,14.6
41,0,3,2,2,62.5,10.1
1,1,4,3,2,81.4,10.9
8,1,3,1,2,84.9,19.0
37,1,2,2,2,74.4,14.0
59,1,1,0,1,83.8,11.2
19,0,2,0,1,103.9,8.9
53,0,3,3,1,77.7,15.0
16,1,1,1,1,84.6,14.0
46,0,3,2,1,79.4,18.4
7,1,1,3,1,85.4,13.0
35,1,3,2,2,64.4,16.7
28,0,4,2,2,92.6,8.7
0,1,2,1,1,102.5,16.4
33,0,1,2,1,61.9,10.3
46,0,3,2,2,88.0,19.7
38,0,1,1,0,75.1,14.7
10,0,4,0,1,87.6,16.2
5,1,4,0,2,66.4,12.2
59,0,3,1,0,86.9,15.4
56,1,4,2,0,89.6,10.0
34,0,1,3,2,109.2,13.4
30,0,0,3,1,68.0,5.9
2,0,3,2,1,101.7,10.5
43,0,0,2,0,90.5,15.9
20,0,3,1,1,84.1,11.6
25,0,2,2,0,86.8,18.4
4,1,1,1,2,79.9,14.3
9,1,3,3,2,88.3,5.9
29,0,4,2,1,83.3,18.6
28,1,0,2,2,102.3,15.4
17,0,4,2,1,97.6,6.0
53,0,0,0,0,91.6,9.0
0,0,4,1,2,87.3,9.9
24,1,3,0,1,67.1,18.5
17,0,2,1,0,65.6,19.9
40,0,1,1,0,107.0,7.2
52,0,3,2,0,81.7,18.5
53,0,3,3,1,80.9,18.2
31,1,4,3,2,78.1,5.9
2,1,1,1,1,105.2,7.3
20,0,0,3,1,76.6,18.8
0,0,1,0,0,99.1,12.9
42,1,3,1,0,81.7,8.5
29,0,2,2,2,75.3,19.0
38,0,0,1,1,62.1,16.1
0,0,1,3,1,90.8,5.9
59,0,1,1,0,104.6,9.2
37,1,2,3,2,60.3,7.6
27,1,3,3,0,93.0,6.0
16,1,4,2,1,79.9,16.5
30,1,2,2,2,92.2,11.7
26,0,2,2,2,89.4,10.8
31,1,3,0,0,74.5,18.9
12,0,3,3,1,61.6,9.6
21,0,3,2,0,64.7,13.4
58,0,1,2,0,80.6,13.2
9,0,2,3,0,89.7,7.0
59,1,3,3,1,60.2,5.8
11,0,4,0,2,94.1,7.6
58,0,3,1,1,102.3,17.2
20,0,2,0,2,107.1,17.5
19,1,4,2,0,107.9,15.1
19,0,3,1,2,84.5,9.5
44,1,3,3,0,98.8,17.2
55,1,4,3,2,91.9,12.4
24,1,0,1,2,105.7,19.1
41,1,4,1,0,95.4,14.9
18,1,1,1,1,80.1,15.5
58,0,2,0,1,60.4,7.1
28,0,3,1,2,81.2,16.7
26,1,3,1,0,100.2,18.5
8,0,3,1,1,99.7,18.4
15,0,1,3,2,69.8,13.2
23,0,4,1,0,65.8,5.0
7,1,3,1,1,101.6,14.1
10,1,3,3,1,74.1,19.3
55,0,1,1,0,82.5,8.8
11,0,2,2,2,74.6,16.6
35,1,1,0,2,84.7,18.8
57,0,1,1,2,98.0,7.6
22,0,1,3,0,94.7,6.6
7,1,3,0,1,107.7,17.3
1,1,2,3,0,81.7,19.6
3,1,0,3,2,107.8,9.6
19,1,4,3,2,103.0,19.4
33,1,2,3,2,96.0,11.9
7,1,2,2,2,79.7,9.5
57,1,2,0,0,83.4,16.2
49,0,3,3,0,75.1,13.6
43,0,0,0,1,65.4,15.0
18,0,4,3,1,83.5,16.5
28,1,0,0,1,93.2,10.7
36,0,2,3,0,109.1,5.4
40,0,4,1,1,74.0,9.3
3,0,0,3,2,92.2,8.9
50,0,3,1,2,72.4,17.9
51,0,1,2,2,82.8,16.5
27,0,4,2,0,107.9,10.3
10,0,3,0,0,100.3,17.0
59,1,2,3,1,62.2,13.4
20,0,3,0,1,89.1,8.1
56,0,1,3,0,90.1,17.4
24,0,3,3,1,69.9,11.9
7,1,4,1,1,74.1,18.0
25,0,0,2,2,98.8,18.0
26,0,4,1,1,98.9,14.9
15,1,2,0,1,71.2,10.2
36,1,4,1,2,83.6,10.0
38,0,4,2,2,98.0,14.8
45,1,0,2,2,96.1,17.0
28,1,1,3,2,82.2,12.6
56,1,0,2,0,83.8,11.6
29,1,1,0,1,109.2,6.4
34,0,4,0,1,90.8,14.2
43,0,4,3,1,78.0,8.1
34,1,1,1,2,76.1,8.0
30,0,3,2,2,96.9,14.4
4,1,2,1,1,63.1,12.8
48,0,3,2,2,61.9,16.7
58,1,2,1,2,72.0,10.0
38,0,2,1,1,84.4,9.3
3,1,1,2,1,60.6,9.0
41,0,3,0,1,97.6,9.4
3,1,1,0,1,74.4,9.7
59,0,3,3,2,60.2,8.3
49,1,0,0,0,84.9,9.5
29,0,3,0,1,63.1,5.3
59,0,0,1,2,108.9,5.7
48,0,0,0,0,62.3,9.7
38,0,0,0,2,63.3,7.9
37,1,4,2,2,89.3,17.3
10,0,1,1,1,61.7,11.6
21,1,1,3,1,78.5,12.5
24,0,3,3,2,62.6,13.5
39,0,0,3,2,76.9,7.9
22,1,0,1,0,89.4,10.5
5,1,4,3,0,92.6,15.2
28,1,0,0,1,63.7,5.7
16,0,3,2,2,78.1,13.8
4,0,1,2,2,101.3,11.4
2,1,1,2,1,87.3,9.2
44,1,2,3,1,91.5,19.0
1,0,3,3,0,61.9,10.4
45,0,2,1,0,72.4,14.0
21,0,3,1,1,81.2,16.8
4,0,4,1,1,67.7,12.5
1,0,1,1,1,70.9,10.5
31,1,0,0,0,75.7,7.9
31,0,0,2,1,85.3,14.9
50,1,1,1,2,76.5,5.8
7,0,2,2,1,69.7,19.5
40,0,1,0,1,71.4,16.1
2,1,2,2,2,85.0,9.3
54,0,1,1,2,99.8,8.5
56,0,0,0,1,77.1,16.1
28,1,4,0,2,70.5,9.1
9,0,1,2,2,65.0,18.8
52,1,3,0,1,101.5,14.9
20,1,3,1,0,63.7,6.9
2,0,3,1,1,73.2,9.6
59,0,2,0,1,94.4,7.6
21,1,3,3,2,73.5,18.7
28,0,4,1,2,99.9,16.3
8,1,3,3,0,93.6,8.7
52,1,1,2,0,91.4,12.9
43,1,2,0,2,96.1,14.7
46,1,1,1,1,100.0,17.4
42,1,1,3,0,79.6,10.4
54,0,3,3,1,71.0,15.5
19,1,4,0,0,89.7,18.6
7,0,4,0,0,94.3,8.0
38,0,0,3,0,62.5,18.8
25,0,3,1,0,71.7,11.6
41,1,0,0,1,95.1,16.5
43,0,3,3,0,80.1,15.8
29,1,1,2,0,105.1,7.2
36,0,3,1,0,66.4,11.1
18,0,3,0,0,89.4,15.0
35,1,2,2,1,83.3,9.6
46,1,4,2,0,89.6,18.1
47,0,3,2,1,102.8,8.2
5,0,4,1,1,106.8,17.2
36,0,1,1,0,105.4,9.4
45,0,0,3,1,99.2,14.8
50,0,1,2,2,86.6,5.1
7,1,3,2,0,103.5,14.1
4,0,0,3,1,83.8,13.7
40,0,4,3,2,62.6,9.3
43,1,3,1,0,109.8,5.3
59,0,3,3,2,103.0,6.7
24,1,4,1,2,92.4,18.9
19,1,1,2,0,68.0,20.0
51,1,1,2,0,106.1,18.2
14,1,4,0,0,91.9,18.3
22,0,2,0,0,101.3,7.0
56,0,1,3,1,91.1,8.4
38,0,2,2,0,68.0,9.3
32,1,2,3,2,92.3,5.9
42,1,0,1,0,102.8,15.3
10,0,0,0,0,104.0,10.5
34,1,4,2,0,101.7,17.4
59,0,2,3,0,74.5,7.4
12,1,4,0,0,82.2,17.7
43,0,0,3,1,84.3,10.4
32,0,1,1,0,81.0,10.5
50,1,1,2,0,86.4,16.2
37,0,3,3,0,97.1,9.4
43,0,3,0,2,80.2,17.6
32,1,1,2,1,80.6,14.1
47,0,2,3,1,89.7,18.4
48,1,0,3,1,68.7,15.7
43,1,4,3,1,71.9,13.9
29,0,0,3,0,96.6,7.5
39,0,3,2,2,65.4,9.2
24,1,1,2,0,81.6,8.6
47,1,1,3,2,63.5,17.6
21,1,1,0,2,83.9,8.8
29,0,1,0,2,87.1,9.9
51,1,3,0,1,77.7,14.1
30,0,4,3,1,106.7,10.2
44,0,2,0,2,66.9,16.5
27,1,3,2,0,95.0,10.6
15,1,0,3,2,75.2,15.3
21,0,1,2,0,94.2,18.1
5,1,3,2,2,75.0,12.6
11,0,4,3,2,83.4,16.3
50,1,1,3,2,103.7,11.5
53,1,2,1,2,107.5,5.4
36,1,1,0,1,108.0,18.2
1,1,2,1,2,78.4,11.9
9,1,0,3,2,74.0,17.2
38,0,2,2,1,82.3,7.6
18,1,2,1,0,106.2,6.0
15,0,1,2,1,96.1,13.3
16,0,1,0,0,91.0,11.4
13,0,2,0,2,90.3,6.9
50,0,4,1,1,62.5,17.1
15,1,1,3,1,68.4,11.2
12,0,1,0,0,69.1,17.6
15,1,2,0,1,89.5,13.7
2,0,2,2,1,109.9,17.1
0,1,2,0,2,68.3,17.6
15,1,3,1,2,101.6,5.4
49,1,4,3,0,61.2,9.9
28,0,2,3,0,98.8,7.5
21,1,4,0,1,108.3,5.8
54,1,2,1,1,93.2,18.9
1,0,3,0,1,100.1,11.3
8,1,2,1,1,96.7,13.2
50,1,1,0,1,104.0,15.4
2,1,0,0,1,68.5,7.4
44,0,1,1,1,70.2,12.5
33,1,3,2,2,77.0,9.0
57,1,4,0,2,86.8,14.0
58,0,0,3,0,66.1,5.1
35,1,4,0,2,64.1,17.6
19,1,2,3,0,93.1,18.3
52,0,3,1,2,107.6,14.4
30,1,2,0,2,72.0,19.6
7,0,1,0,1,103.1,12.9
59,1,4,3,2,82.2,7.5
43,0,4,2,2,85.8,11.2
42,1,3,1,0,97.7,9.8
6,1,1,3,1,75.0,11.3
20,1,2,1,0,96.7,17.0
1,1,0,3,0,66.9,11.8
1,0,4,0,0,106.5,9.0
59,1,0,1,2,107.9,15.6
24,1,4,0,1,104.7,10.8
2,1,4,3,0,94.9,15.1
28,0,2,2,2,100.6,11.9
33,1,2,3,0,73.5,8.3
24,0,2,2,1,106.4,7.9
18,0,3,0,0,82.5,13.5
44,0,0,1,2,74.1,15.5
1,1,4,2,0,71.1,17.6
53,0,2,0,0,94.3,19.2
52,1,0,2,1,60.5,11.0
10,1,0,3,1,89.0,10.5
55,0,1,3,1,102.6,14.9
49,1,4,1,0,95.1,11.8
14,0,4,2,1,76.1,18.1
18,1,3,2,0,90.7,12.7
3,0,3,3,0,103.4,16.2
16,0,0,1,0,108.2,17.6
33,1,4,2,2,74.1,11.3
56,1,2,0,0,77.5,15.9
54,0,0,3,1,75.7,17.2
1,1,4,1,1,91.6,13.6
37,1,4,1,2,78.9,16.7
45,1,0,2,1,60.8,17.3
49,0,0,0,2,72.3,10.8
43,1,0,0,1,95.0,19.3
33,0,1,3,1,73.8,14.6
45,1,0,0,0,103.1,19.0
12,0,0,0,2,90.2,9.3
24,1,2,3,2,67.7,7.5
52,1,1,3,0,86.9,10.8
53,1,0,3,0,101.3,17.4
29,1,2,1,1,64.5,8.4
59,0,1,1,0,75.0,7.5
12,0,4,1,0,85.9,8.2
39,1,4,0,1,67.0,17.7
43,1,3,0,2,71.9,6.5
52,0,1,2,2,84.6,14.8
28,0,4,2,2,74.2,13.6
52,0,4,0,2,76.1,8.5
50,0,3,1,1,91.9,17.5
16,0,3,2,2,73.1,13.8
47,0,3,3,0,100.5,5.6
56,1,0,3,1,92.0,10.9
55,0,1,0,2,98.5,11.0
0,1,3,1,1,84.6,12.9
48,0,2,2,2,83.8,11.5
1,1,3,3,0,69.5,13.0
0,1,3,0,0,107.8,15.4
31,0,0,1,0,95.2,6.1
13,1,3,0,1,75.7,8.9
44,1,4,3,0,92.7,11.2
41,1,1,0,1,70.6,7.5
20,0,4,3,2,103.7,11.9
6,0,3,0,1,69.3,15.7
4,0,4,3,2,85.4,9.8
41,0,4,2,2,100.9,8.7
39,1,1,3,2,109.5,15.5
7,0,0,2,0,87.4,5.6
52,1,4,2,1,101.1,19.5
13,1,2,3,0,87.4,13.7
11,1,2,0,0,96.5,13.8
40,1,1,3,1,105.3,15.6
56,1,3,1,0,108.1,17.2
11,0,2,1,2,88.8,6.1
36,0,4,2,1,81.8,16.4
39,1,0,2,1,109.3,14.9
10,1,1,1,1,72.6,11.4
21,1,0,2,2,109.4,16.9
55,0,2,3,1,92.7,12.3
53,1,1,2,1,75.2,5.8
44,0,3,1,2,83.5,16.1
41,1,1,3,2,81.6,18.5
59,1,4,3,1,73.2,16.9
7,0,2,3,2,106.7,5.4
33,1,3,1,2,104.6,6.0
45,0,3,0,1,81.1,5.9
55,0,4,0,2,67.4,5.7
48,0,4,0,0,86.5,7.7
38,0,1,2,1,97.2,14.0
8,0,4,2,2,109.9,12.9
53,1,3,3,0,81.1,5.7
40,0,0,3,0,63.4,9.9
30,1,0,0,0,72.3,9.8
30,0,1,1,0,71.0,5.8
20,1,3,2,2,80.2,19.9
11,0,2,1,2,73.9,13.7
45,1,0,0,0,82.2,12.5
10,1,1,1,0,60.6,13.2
28,1,1,0,2,79.9,9.0
15,0,4,2,0,80.9,8.6
45,0,0,2,0,66.5,10.4
54,1,4,0,1,79.8,7.8
3,0,2,2,1,66.5,7.7
39,0,1,1,0,99.2,12.9
8,1,2,0,0,91.6,18.5
14,1,2,3,0,77.0,15.0
8,1,2,3,2,82.0,6.6
27,0,4,2,1,84.6,19.4
17,1,3,3,1,81.8,19.0
20,0,2,0,0,61.0,9.6
50,1,4,1,0,88.2,18.4
22,0,4,3,2,98.0,12.8
24,1,3,3,1,69.6,12.7
20,0,4,3,0,69.3,19.3
48,0,3,2,0,63.7,7.9
18,1,4,0,1,83.0,19.7
1,1,4,1,2,103.2,12.8
24,0,1,3,0,86.1,11.8
50,1,1,2,2,101.8,5.1
20,0,3,0,1,70.9,8.3
2,0,3,3,0,86.0,9.3
50,0,0,3,0,76.8,9.9
20,0,4,0,0,82.1,11.3
7,1,0,1,0,67.5,18.2
24,0,0,3,1,100.0,6.6
28,1,1,1,2,64.6,16.0
55,0,3,1,0,64.7,9.7
19,1,3,1,2,60.2,10.1
0,1,2,0,1,73.6,16.7
51,0,2,1,0,80.8,10.0
33,0,4,0,2,67.8,15.5
51,0,1,0,1,75.8,15.2
4,1,3,1,2,100.3,17.1
51,0,0,2,0,88.0,6.2
0,0,3,2,1,96.7,13.5
35,1,2,0,2,68.1,11.2
0,1,1,0,2,108.6,16.5
39,0,4,1,2,63.9,18.0
46,0,4,3,0,60.9,10.8
45,0,4,2,1,62.9,9.3
28,1,4,3,0,91.1,10.4
26,0,4,3,0,84.8,13.9
11,0,3,3,2,60.6,6.2
36,1,3,2,0,90.8,20.0
36,1,4,2,0,96.4,12.8
44,0,0,0,0,71.4,18.2
43,1,2,2,2,95.4,7.1
14,0,4,0,2,85.5,10.5
23,0,1,1,1,79.1,6.8
22,0,3,1,2,69.9,10.9
55,1,2,2,1,81.4,9.3
40,0,2,1,0,101.4,11.2
14,1,0,0,1,103.5,17.6
28,0,3,2,1,95.8,15.6
11,0,3,1,0,62.7,12.0
23,0,1,2,1,83.9,12.6
28,0,3,2,0,67.8,8.7
17,1,2,2,0,81.3,8.9
55,0,0,1,1,86.2,7.7
27,0,0,2,2,77.1,19.9
49,0,1,0,0,83.8,16.3
40,1,4,1,1,85.5,19.0
52,0,1,3,1,76.6,13.0
31,0,1,2,0,95.4,19.7
16,1,2,2,1,66.9,6.4
22,1,3,3,0,97.1,16.6
32,1,3,0,1,69.2,12.3
53,1,3,2,0,85.0,10.0
31,0,3,2,0,77.2,17.5
30,0,0,0,0,77.7,7.9
22,1,4,1,1,105.5,12.1
41,1,3,0,2,74.3,7.7
34,0,3,2,1,69.8,15.9
37,0,4,0,2,72.0,8.8
8,0,2,2,0,69.1,6.5
10,1,0,1,0,86.8,13.7
25,1,3,1,1,62.6,9.6
43,1,4,2,2,101.9,10.2
58,1,2,3,1,80.8,5.4
36,0,1,0,2,106.9,8.0
59,1,4,0,0,79.6,6.6
55,1,4,1,1,80.6,8.4
29,0,3,2,0,102.2,14.1
46,0,4,1,0,63.0,15.8
26,1,2,0,0,96.9,14.3
31,1,3,1,1,95.0,9.9
23,1,1,2,1,79.6,17.8
49,1,3,2,2,102.8,9.1
33,1,0,3,1,105.8,13.0
46,1,4,3,0,105.9,12.6
53,1,4,0,0,66.9,8.0
4,1,1,3,1,82.2,6.5
18,1,1,2,2,90.1,10.1
59,0,0,3,1,77.2,12.6
3,1,1,0,0,108.9,11.5
9,1,3,0,0,95.5,14.6
37,1,3,1,1,99.6,19.9
45,1,4,2,0,75.0,14.5
14,0,1,1,2,95.3,15.3
49,0,3,2,2,107.5,19.8
47,1,0,2,1,106.3,17.0
57,1,0,2,0,83.3,17.3
11,1,4,0,2,60.3,8.0
22,1,3,0,1,67.6,19.7
2,1,4,2,2,99.1,16.9
28,1,2,0,0,78.8,13.8
9,0,2,0,0,63.9,7.5
37,1,4,3,0,93.0,9.0
8,0,0,0,2,80.9,5.5
30,0,3,3,1,81.8,10.9
59,1,3,1,1,84.0,18.4
4,0,4,2,0,80.1,12.0
49,0,0,0,1,76.0,14.9
27,0,3,0,2,91.1,9.0
48,1,0,2,0,84.3,15.2
35,0,2,1,2,84.2,7.2
35,1,2,1,0,68.7,17.3
10,1,3,3,2,90.8,18.3
31,1,3,3,0,69.2,8.2
4,0,1,2,2,70.9,11.7
13,1,0,1,2,90.2,18.7
10,1,0,2,2,72.6,17.2
36,0,0,2,1,95.6,8.6
23,0,4,2,2,84.2,17.6
16,1,4,0,2,71.7,8.5
9,0,0,1,0,82.9,9.6
25,0,2,1,2,103.7,18.0
23,1,1,1,1,61.6,19.9
35,0,2,2,1,94.5,11.0
22,1,1,1,2,72.0,6.8
10,0,4,3,2,80.9,18.8
56,0,3,3,1,62.9,5.1
48,0,3,1,1,75.0,5.4
55,1,3,0,2,75.7,5.8
32,1,0,2,2,64.9,13.0
50,1,2,2,1,68.2,12.2
8,0,3,1,1,85.5,8.1
8,1,4,3,2,66.4,18.2
55,1,1,2,2,109.7,15.6
56,0,4,1,1,101.0,17.8
21,0,1,1,1,90.1,6.6
6,0,2,1,0,93.7,13.7
43,1,2,2,1,65.5,6.1
31,1,2,0,0,84.1,9.8
24,0,3,3,2,89.1,15.9
21,0,3,2,1,74.5,17.3
3,1,0,3,2,96.0,12.4
34,0,3,1,0,70.7,12.4
28,1,4,2,0,95.3,15.3
44,0,2,3,1,89.4,14.1
30,1,1,2,1,105.5,11.3
37,0,1,2,2,68.3,6.1
49,1,0,1,2,94.7,9.4
24,0,1,2,0,60.9,12.4
4,0,2,0,2,103.3,13.4
2,1,1,3,0,91.3,16.2
2,0,4,3,1,75.2,10.3
23,1,1,2,1,108.6,13.7
31,0,0,3,1,78.6,17.5
32,1,4,3,0,87.5,12.3
57,0,3,0,1,83.0,18.6
50,1,0,2,2,64.8,17.3
52,1,3,3,0,95.1,17.2
0,1,0,0,0,100.6,15.3
52,1,2,2,0,101.2,13.7
11,0,4,2,0,84.2,12.5
45,0,1,3,1,103.5,5.7
17,0,3,3,2,95.6,18.1
41,0,2,0,2,104.5,10.9
12,0,0,2,2,107.5,13.1
42,0,0,0,1,71.1,6.0
37,0,2,3,0,64.5,13.5
5,1,1,1,0,102.5,15.5
51,0,0,3,1,61.5,11.6
50,0,3,2,1,105.6,18.8
51,1,4,0,2,103.0,5.5
0,1,3,0,0,62.8,19.2
20,0,0,3,0,93.6,19.1
39,1,1,0,2,97.3,10.0
58,1,4,1,0,97.7,7.7
15,1,4,2,1,63.8,19.4
55,1,3,3,0,68.6,17.1
5,0,2,2,2,96.1,17.2
15,1,0,2,0,101.1,13.2
33,1,1,1,0,79.9,17.9
46,1,2,3,2,84.2,19.8
37,1,4,1,2,64.5,9.0
41,1,3,2,2,74.1,10.7
25,1,1,3,0,75.0,6.3
51,1,2,1,0,65.4,16.6
52,0,0,3,0,91.1,18.6
24,1,4,3,0,68.3,18.2
29,0,1,1,1,65.0,7.0
23,0,1,0,0,75.5,11.9
11,1,4,0,2,91.7,16.9
13,1,4,1,1,82.0,14.4
22,1,1,3,2,107.4,14.5
56,1,2,1,2,97.1,17.5
55,1,2,3,2,91.2,11.3
17,0,2,1,1,108.6,6.8
53,1,3,1,2,68.2,9.3
33,1,0,0,2,101.4,15.6
21,0,4,3,2,96.9,15.9
7,1,1,3,0,69.4,8.7
33,0,3,3,1,92.5,11.1
48,1,3,3,0,91.0,17.7
24,0,2,1,2,91.0,18.5
53,0,4,2,0,91.3,11.3
55,0,4,2,0,82.9,6.5
24,1,4,3,0,109.4,9.6
25,0,4,1,2,103.2,17.8
20,0,3,2,1,73.2,19.4
34,0,0,0,1,87.0,9.6
35,1,3,0,1,72.9,18.6
29,1,4,3,1,85.8,12.9
55,0,2,2,2,102.0,13.6
6,0,3,0,1,77.0,19.5
13,0,3,2,2,64.1,13.7
56,1,0,1,0,78.6,19.0
57,1,0,2,2,82.8,7.3
16,1,2,0,1,89.3,11.6
54,0,3,3,1,97.4,7.8
5,0,1,2,0,94.5,11.2
23,1,2,3,0,84.5,13.4
50,1,0,3,2,87.6,9.1
19,0,3,3,1,93.8,15.2
25,1,3,3,1,68.9,8.6
50,0,4,3,0,92.8,16.3
5,0,2,2,1,79.2,10.6
0,0,3,3,2,70.8,12.2
30,1,1,3,1,65.0,19.0
21,1,1,0,0,79.8,14.9
36,1,4,0,2,66.0,6.3
15,0,2,2,2,75.6,7.1
28,1,0,0,2,105.6,19.7
43,0,0,2,2,65.4,18.8
6,0,2,1,2,104.8,15.2
59,0,0,1,0,77.9,12.8
12,1,3,2,1,100.7,11.7
46,0,4,3,0,92.6,11.2
59,1,3,2,1,90.7,17.6
36,0,1,3,0,88.8,6.3
55,0,4,3,0,98.5,9.8
21,0,1,3,0,101.9,16.8
59,1,2,0,2,81.6,17.7
30,1,0,1,1,104.0,15.8
8,1,2,0,1,73.6,5.9
11,0,4,2,1,67.5,16.1
6,1,0,1,0,80.4,19.1
0,1,4,1,0,65.7,5.7
25,0,4,2,1,93.1,14.1
54,1,0,1,2,97.1,18.8
43,1,2,1,0,70.4,10.7
0,1,1,3,2,60.4,5.7
17,1,3,1,0,102.5,13.2
48,1,1,3,1,66.3,19.5
12,0,4,3,1,87.3,12.7
10,0,4,3,1,103.4,7.0
27,1,0,1,1,109.1,10.1
7,0,1,1,1,77.7,12.6
57,0,3,2,2,67.6,15.9
42,0,2,3,2,60.0,19.6
28,1,3,3,2,64.6,13.6
18,0,1,2,2,84.7,13.3
5,0,2,1,2,102.9,11.2
0,1,1,0,0,104.1,18.5
36,1,3,1,0,91.5,7.5
13,1,2,1,2,87.6,19.3
18,0,3,3,0,86.2,19.4
17,0,4,0,0,91.0,16.9
52,0,0,1,1,95.9,15.1
10,1,2,1,2,98.8,19.4
0,0,2,3,0,64.9,11.9
57,0,2,2,0,64.4,18.5
7,1,0,1,2,63.3,8.1
4,0,2,1,1,63.8,11.1
29,0,4,3,0,64.2,10.3
54,0,2,1,0,84.7,14.8
36,1,3,0,1,68.7,12.7
30,0,2,3,0,77.0,6.0
45,1,2,3,0,83.7,19.9
41,0,1,0,0,65.3,18.5
23,0,0,2,0,73.1,8.4
51,1,0,0,2,86.7,15.4
34,1,1,3,1,85.7,9.6
5,0,0,2,2,71.4,6.6
15,0,3,2,1,96.1,18.6
9,0,2,3,0,84.9,5.3
15,0,1,2,0,69.5,19.5
29,0,0,1,1,99.7,11.3
52,0,0,2,0,88.4,19.1
18,0,2,0,1,109.8,10.9
17,1,0,0,0,89.3,13.4
25,1,1,1,0,99.1,7.0
2,0,3,3,2,96.1,13.0
49,0,4,3,0,101.6,6.9
19,1,3,1,0,72.2,19.1
44,0,1,1,0,103.2,19.4
37,1,1,0,2,61.5,5.3
38,1,1,1,1,92.3,14.8
3,0,0,0,2,104.8,13.0
4,0,2,1,2,61.4,5.9
59,0,1,0,2,71.0,5.4
54,1,2,3,1,74.9,5.3
49,0,0,2,0,63.7,17.4
38,1,1,0,2,109.6,18.1
35,1,4,3,0,82.3,6.7
47,1,1,2,1,71.8,16.0
45,0,4,2,0,98.4,19.3
20,0,3,3,0,95.5,9.6
59,0,0,0,1,66.9,14.2
44,1,2,3,2,76.0,9.4
5,1,1,3,1,94.7,18.8
56,1,1,3,2,63.0,10.9
46,1,0,2,1,97.1,15.2
2,1,0,0,2,91.0,10.7
40,1,0,0,2,109.7,8.7
18,1,4,3,2,107.7,18.9
9,0,3,0,2,79.7,19.3
20,0,0,3,2,88.1,5.4
41,0,3,1,2,94.7,15.1
16,0,0,0,2,83.0,9.4
55,1,3,2,0,74.5,9.2
21,0,3,2,0,91.0,9.4
28,0,1,3,2,101.4,18.0
57,0,3,2,0,104.2,14.5
17,0,0,3,2,101.2,5.4
25,1,0,3,1,95.6,12.3
23,0,0,3,2,105.5,8.5
15,0,3,3,1,77.5,12.0
38,0,2,0,2,61.4,18.3
41,0,0,3,2,85.2,6.0
39,0,0,1,1,73.5,8.1
19,0,3,1,1,69.2,11.0
14,1,0,3,0,72.2,8.5
40,1,4,1,1,84.2,17.2
35,0,0,3,2,106.8,7.3
20,0,0,1,0,62.4,18.2
17,1,0,0,2,98.6,14.8
39,1,0,1,1,105.2,15.0
37,1,4,2,2,60.8,19.0
28,0,3,2,0,109.5,10.1
27,0,1,0,2,79.8,12.6
14,1,1,1,0,97.5,16.6
39,0,0,1,2,69.0,11.5
54,1,2,1,0,100.5,16.5
20,0,4,0,1,88.8,5.8
28,0,0,2,2,61.8,19.9
59,1,4,0,2,80.9,15.2
31,1,1,0,1,61.1,14.3
37,1,2,2,2,74.7,12.6
59,0,4,0,2,71.6,8.3
18,1,2,2,1,92.1,11.7
4,1,1,0,0,83.0,12.1
59,0,4,1,2,63.4,11.9
47,0,3,0,2,71.2,13.5
45,1,1,3,0,107.8,14.7
56,1,0,1,1,67.8,17.4
41,1,2,3,2,95.2,5.6
44,0,4,2,0,92.0,6.4
54,1,3,3,1,82.9,12.9
29,1,4,1,2,62.4,19.0
56,1,2,3,2,76.9,12.7
55,1,3,2,0,65.1,5.0
38,1,4,0,2,90.3,10.0
42,0,4,1,1,73.5,12.3
40,0,1,2,2,72.9,12.2
36,1,2,3,2,65.8,8.8
21,1,4,1,0,61.5,12.7
31,1,1,3,2,85.8,14.9
9,0,1,1,0,81.1,17.5
53,0,4,0,2,108.5,7.4
24,0,3,3,2,73.3,11.0
37,0,3,2,0,80.0,14.9
36,0,0,1,1,80.4,13.3
52,1,3,2,2,65.1,6.8
8,0,1,0,2,106.4,10.5
14,0,3,1,1,98.6,19.9
21,0,0,2,1,92.5,18.0
56,0,4,1,0,65.9,14.9
14,1,4,0,2,104.8,6.1
34,1,2,3,0,62.3,9.8
11,1,2,3,2,102.8,14.9
0,1,1,0,2,105.4,9.8
58,0,3,2,2,100.5,13.8
36,0,1,2,0,105.1,10.5
33,0,4,2,0,109.7,7.9
52,1,3,0,1,92.6,11.5
22,1,4,1,2,86.9,7.9
54,0,4,2,2,75.1,15.2
5,1,0,3,1,108.3,7.9
55,1,1,0,1,71.0,10.3
21,0,2,2,0,86.5,7.7
26,0,2,2,1,68.6,8.1
21,1,0,0,2,76.5,13.8
18,0,1,2,1,76.6,16.4
33,0,4,0,0,94.1,9.5
56,1,1,3,1,85.1,10.0
0,0,2,3,2,89.7,6.5
32,1,3,3,2,68.7,11.4
49,1,3,3,2,83.9,11.4
18,1,4,0,0,71.6,12.3
12,1,2,0,2,101.5,12.9
44,1,2,3,0,79.2,18.3
7,1,0,3,0,104.6,6.4
0,0,3,1,1,68.8,17.6
2,1,4,3,1,85.8,12.9
47,1,0,1,0,104.0,19.8
17,0,2,1,1,79.9,18.9
37,1,3,0,0,105.8,6.9
3,1,4,2,1,109.4,12.7
20,0,4,2,2,65.1,12.9
55,1,4,1,0,97.2,8.0
19,1,3,0,1,83.4,14.3
57,0,3,0,0,95.8,6.6
53,1,4,2,0,66.6,7.6
2,0,2,1,1,86.6,18.4
21,1,0,2,0,61.0,12.5
14,0,1,1,2,88.2,15.2
3,0,0,1,2,97.6,13.4
1,0,1,3,1,86.0,9.8
20,1,1,3,0,108.4,14.2
32,0,1,0,2,97.3,16.7
14,0,3,2,1,68.0,5.9
2,0,2,2,2,106.8,6.0
54,1,0,3,0,72.3,14.6
28,0,1,1,2,60.7,18.2
9,0,1,3,1,65.8,7.8
44,0,3,0,0,80.6,16.1
34,0,1,3,2,63.2,6.2
11,0,1,0,1,68.1,10.2
27,1,4,2,2,97.4,5.7
52,0,2,2,0,104.9,7.5
56,0,4,1,1,96.7,7.3
1,0,3,3,1,91.0,7.2
30,1,1,2,1,101.6,6.8
35,1,3,1,2,93.3,15.5
49,0,4,3,2,85.2,11.4
34,1,3,0,0,92.4,14.4
47,1,3,0,0,83.6,9.7
28,1,2,0,0,72.5,12.9
7,0,3,0,1,78.5,7.9
15,1,4,1,0,103.7,13.9
8,1,0,2,2,109.9,5.4
34,0,3,3,1,82.8,16.4
53,0,1,1,2,65.2,18.4
28,0,4,0,2,85.9,6.9
16,0,4,1,0,84.4,6.3
12,0,4,2,0,107.5,15.6
45,0,2,0,2,75.7,9.5
52,0,3,1,1,105.4,14.5
32,1,1,3,2,67.9,9.2
54,1,3,0,0,100.3,15.3
39,0,2,3,1,86.3,19.4
26,0,1,0,2,86.8,12.6
38,1,2,2,0,61.6,15.8
27,0,2,0,0,64.0,12.8
52,1,4,2,0,95.4,19.6
26,1,4,2,2,80.0,8.8
21,1,1,3,1,60.2,15.8
52,0,3,3,2,65.0,9.5
17,1,4,0,0,78.6,18.8
26,0,3,2,2,92.1,7.9
14,1,1,3,0,72.3,13.8
2,1,3,2,0,100.1,11.2
56,0,3,0,1,73.1,19.5
7,1,0,1,2,109.1,6.5
20,1,3,2,2,107.0,8.4
48,0,2,2,1,106.1,17.3
49,0,3,3,1,102.2,14.9
30,0,0,3,0,102.0,9.6
30,0,3,3,0,90.8,9.4
39,1,0,2,2,64.4,9.8
40,0,0,3,2,77.1,15.7
59,0,1,1,0,76.6,18.7
51,0,0,3,2,71.3,8.3
33,0,3,1,1,66.2,7.5
44,1,1,0,1,107.4,18.5
52,0,1,0,2,87.8,18.1
37,0,1,3,1,67.2,19.5
42,0,1,0,2,102.6,16.6
0,1,3,0,2,90.5,17.0
17,1,0,3,0,92.8,19.8
33,1,4,3,2,64.9,8.2
25,0,0,1,0,104.6,9.6
33,0,0,3,0,62.9,7.8
57,0,4,2,2,89.3,12.4
19,1,3,0,0,74.2,12.6
0,0,4,3,2,105.9,10.5
23,0,4,3,0,79.4,10.1
10,1,4,0,1,74.1,17.0
22,0,4,1,1,86.0,5.5
14,1,1,2,1,102.5,8.1
35,0,2,3,0,95.7,11.6
11,0,2,2,2,105.1,12.5
47,0,2,1,1,82.9,9.2
38,1,1,2,0,92.4,16.3
1,0,0,1,2,64.1,18.8
39,1,0,1,0,87.5,14.7
34,1,1,0,2,94.9,18.8
52,0,0,3,0,81.9,20.0
7,1,1,1,1,73.1,15.2
25,0,4,2,0,67.5,7.6
0,0,1,3,1,90.1,9.8
31,1,0,2,2,93.1,7.7
14,1,2,2,0,67.7,18.5
22,1,3,0,1,64.6,11.8
33,0,2,1,0,61.1,5.5
42,0,3,3,2,82.0,14.8
50,0,3,3,0,62.3,8.0
37,1,3,1,1,85.6,5.6
49,0,2,1,0,81.4,7.0
59,1,3,2,0,81.5,19.2
31,0,4,3,1,65.4,13.2
24,0,4,0,1,69.7,14.3
0,1,4,1,0,78.9,7.4
46,0,1,2,2,62.3,18.8
58,1,3,3,1,76.3,11.4
16,1,1,3,2,109.5,13.0
23,1,3,0,2,94.0,18.4
10,1,1,2,2,79.2,18.6
38,0,2,3,2,62.5,13.6
20,1,4,1,1,75.0,17.0
43,1,4,0,1,82.9,6.4
22,1,2,1,0,69.9,7.2
14,0,1,1,1,95.2,17.8
12,0,3,2,1,98.2,17.7
59,1,0,2,2,106.9,16.7
31,1,4,2,1,63.0,12.4
48,0,0,3,0,91.8,5.6
8,0,3,2,1,94.7,10.2
26,0,0,3,2,78.9,9.5
17,1,3,0,2,75.8,7.8
24,0,4,2,2,80.9,16.5
59,1,3,3,2,104.2,5.0
43,1,3,1,2,77.2,13.9
26,0,3,2,0,65.3,8.2
55,0,0,3,2,104.9,17.2
37,0,4,2,2,64.0,6.6
19,0,2,0,0,109.3,15.1
27,1,2,3,2,102.7,16.6
8,0,0,2,2,64.6,16.1
32,0,1,1,0,90.7,15.2
11,0,2,3,0,80.6,9.3
22,0,0,0,2,75.3,19.0
52,0,0,0,1,73.7,13.9
57,1,3,2,0,85.4,11.5
52,1,3,1,2,96.3,13.9
14,0,3,1,1,73.1,10.9
17,0,2,1,1,69.4,14.2
40,1,3,0,0,66.3,10.2
22,1,2,0,0,108.0,12.7
39,0,1,1,2,62.1,9.9
53,0,0,0,2,96.4,16.4
40,0,0,2,0,86.0,7.5
11,1,0,2,0,70.9,13.3
14,0,2,3,2,79.6,12.5
51,0,0,2,1,60.4,16.9
40,1,4,1,2,71.2,8.3
28,1,4,0,1,86.9,18.3
41,1,1,3,1,80.0,5.6
1,0,1,0,1,80.2,14.1
17,1,3,2,2,61.4,10.8
19,0,1,1,0,73.5,12.2
21,1,2,3,1,85.6,12.5
40,1,4,0,1,106.0,18.1
33,0,0,2,0,93.1,12.6
31,0,3,0,1,76.1,5.6
29,1,2,0,2,76.8,7.1
48,1,3,1,2,63.7,6.0
21,0,4,0,0,105.7,8.0
48,0,2,0,2,87.5,7.7
17,0,2,3,1,100.7,8.2
43,1,0,3,1,97.1,5.4
25,0,1,3,1,98.2,5.3
32,0,3,3,1,92.2,9.8
53,0,2,1,1,78.6,9.4
37,0,4,2,0,76.5,19.8
13,0,1,2,2,96.4,19.6
38,0,2,0,0,64.6,17.9
5,0,0,2,2,98.9,13.7
0,0,1,1,1,66.0,13.9
44,1,0,0,1,81.7,12.0
58,1,1,3,2,68.6,6.2
34,0,4,2,2,78.5,14.2
19,0,4,1,0,79.2,19.6
49,1,3,0,1,82.3,10.4
50,0,4,3,1,88.8,18.7
46,1,0,2,2,108.2,7.9
45,0,3,2,0,106.8,14.5
24,0,3,2,2,65.1,6.2
5,0,2,1,2,97.5,8.2
29,0,2,0,2,87.6,15.5
56,1,1,2,1,89.5,15.9
25,0,3,1,2,86.7,17.5
53,0,1,1,0,60.1,18.7
51,1,4,3,2,77.8,7.3
29,0,4,0,1,71.7,9.4
5,0,2,0,0,82.6,8.1
56,0,2,3,1,91.4,12.2
1,1,4,3,1,91.0,19.3
43,0,1,0,2,72.8,10.4
48,1,1,1,0,79.8,18.6
14,1,0,0,2,77.8,9.4
43,0,4,1,0,84.9,14.3
59,0,4,3,1,89.5,18.5
26,0,4,3,0,108.7,12.1
54,1,2,3,0,106.2,17.2
25,1,1,0,1,99.3,13.9
45,1,3,3,1,77.7,9.6
39,0,4,3,0,69.3,19.3
32,0,4,0,1,102.6,18.5
44,1,3,1,1,88.3,15.4
21,1,1,0,2,97.5,17.8
11,0,4,0,2,77.0,8.9
47,0,0,3,0,60.3,18.4
52,1,1,1,0,76.9,6.5
33,1,1,3,2,60.5,17.1
18,0,0,1,2,78.7,5.6
3,1,4,2,0,72.9,6.1
45,0,0,0,0,74.7,9.8
29,1,0,2,1,109.9,10.8
43,0,2,3,0,108.4,12.2
38,1,3,3,2,75.6,9.1
33,1,0,2,0,75.5,16.2
38,0,3,1,1,109.0,6.1
15,1,3,3,0,103.2,9.1
24,0,2,2,0,90.2,8.9
55,1,0,1,1,83.8,7.8
45,1,1,1,0,99.6,13.5
36,1,2,1,1,96.0,6.9
12,1,1,2,2,90.5,13.7
9,1,4,0,1,91.2,6.9
27,0,1,3,2,61.7,8.6
18,0,0,2,2,78.7,14.0
38,1,0,3,0,109.3,13.2
7,0,1,3,1,102.9,14.6
3,0,1,3,0,105.6,14.8
53,1,3,3,2,103.8,13.3
41,1,2,3,0,70.2,12.7
50,1,2,2,1,98.3,6.8
3,1,3,0,0,103.3,13.0
53,0,0,1,1,106.5,12.2
3,0,2,0,1,76.0,5.1
15,1,0,3,2,88.5,15.4
21,0,2,2,0,73.3,19.0
17,1,1,2,1,87.8,6.9
15,0,1,1,1,72.0,9.5
53,0,2,3,1,60.9,11.3
23,1,1,3,2,100.8,16.9
33,0,3,0,0,109.8,6.6
22,0,2,1,2,75.3,15.5
16,0,4,2,1,101.2,15.0
4,0,2,2,0,98.4,11.9
46,0,2,0,0,66.2,18.8
24,1,0,3,2,87.9,11.7
41,1,0,2,0,72.2,8.3
9,0,4,2,2,107.9,13.9
34,1,2,0,0,69.3,19.3
10,1,0,1,2,99.9,10.9
11,1,4,2,1,67.2,9.5
32,0,2,3,1,80.4,19.6
55,1,1,2,1,86.2,15.6
32,1,4,3,2,76.7,14.9
53,0,2,2,1,89.2,11.9
35,0,3,1,2,97.3,7.5
25,1,2,2,0,66.6,16.3
29,1,2,0,2,90.6,16.6
7,0,2,2,1,67.3,11.6
50,1,2,3,2,107.4,9.4
4,1,4,2,1,79.8,6.3
3,0,0,1,1,77.9,8.9
29,1,2,1,2,109.4,18.5
58,1,2,0,2,63.0,10.3
52,1,1,0,1,94.2,11.7
40,1,2,1,2,89.1,10.3
31,1,4,3,1,62.9,9.4
47,0,4,0,0,75.0,14.6
58,0,4,2,0,69.7,12.6
9,1,0,2,0,99.1,9.7
58,0,4,1,0,86.5,11.5
31,0,4,1,2,109.6,14.0
28,0,3,0,0,82.6,17.7
6,1,2,2,2,79.5,11.7
50,0,3,3,1,67.3,5.9
32,0,2,0,1,85.3,12.9
50,0,0,3,1,64.5,17.6
35,0,3,0,1,68.3,12.5
13,1,0,3,1,94.8,15.8
51,0,4,2,1,89.0,12.1
24,0,1,2,2,60.1,8.3
35,1,3,0,2,69.8,13.0
20,1,4,1,0,74.6,6.0
0,1,4,2,1,105.0,13.1
25,1,1,1,1,94.2,8.3
38,0,1,0,2,108.3,18.6
36,1,0,2,0,77.0,8.5
4,1,4,3,0,75.3,18.4
39,1,0,2,1,101.9,5.8
41,1,4,1,0,67.0,13.7
57,1,1,0,2,79.1,9.9
50,0,2,3,2,99.7,12.7
43,1,3,0,0,76.9,15.5
45,1,4,2,1,108.5,6.5
17,1,2,2,2,73.6,14.6
9,1,1,3,2,86.0,15.2
39,1,4,3,2,80.3,18.8
26,1,4,1,0,101.9,15.1
42,1,1,1,2,105.9,6.6
36,1,3,0,1,85.9,7.5
39,0,1,2,2,74.2,16.3
52,1,1,0,0,108.9,10.4
33,0,4,1,2,95.5,9.2
29,1,3,2,2,80.5,7.0
51,0,1,0,1,109.0,14.4
15,0,0,3,1,107.8,8.4
22,0,4,2,2,97.3,6.7
57,1,4,1,2,108.9,15.5
30,1,2,2,0,86.6,7.1
32,0,3,2,1,79.6,12.3
31,0,2,3,0,67.3,7.4
5,0,0,3,0,65.6,8.8
17,1,2,1,1,67.0,12.1
44,1,4,1,2,108.3,10.9
40,1,3,1,1,107.3,12.0
6,0,3,0,1,75.0,6.4
0,0,1,1,0,74.2,12.4
29,0,2,0,1,74.0,12.4
36,0,4,3,2,97.9,10.6
22,1,0,2,1,101.7,17.8
28,1,1,3,2,76.6,7.4
53,0,2,3,2,72.3,18.8
45,1,0,2,0,96.5,11.7
18,1,0,2,0,97.9,19.5
51,1,1,2,2,61.3,17.8
35,1,1,2,1,69.8,19.8
31,1,3,3,1,65.7,19.9
2,0,0,2,0,86.1,12.8
53,1,3,2,0,70.1,5.4
39,1,0,1,2,74.9,6.4
55,0,2,2,0,71.4,11.8
24,1,2,0,0,92.1,12.4
22,0,0,0,0,81.2,7.9
27,1,1,0,0,109.4,15.2
48,0,2,0,2,98.9,7.1
34,0,2,0,2,76.4,11.2
48,1,4,1,0,73.3,17.1
3,1,2,1,2,82.0,12.2
29,1,1,3,1,61.6,19.0
15,0,4,3,1,73.6,13.6
30,0,0,1,2,60.4,17.9
29,1,1,1,2,72.4,17.6
28,0,2,2,0,70.6,13.7
9,1,3,2,2,84.3,5.3
28,0,1,1,2,108.2,12.4
36,1,0,0,2,103.0,18.3
3,1,3,2,0,109.8,15.3
14,0,3,2,2,68.1,19.3
58,1,1,1,0,105.8,18.9
7,0,4,2,1,99.7,16.6
55,1,2,1,0,101.7,16.7
17,0,4,3,1,60.3,19.7
38,0,3,3,2,87.8,19.5
51,1,0,0,2,80.9,17.7
55,0,2,3,1,79.8,16.9
4,1,2,1,1,97.8,12.9
9,1,3,3,1,79.7,12.6
29,0,0,3,2,65.1,16.2
18,0,1,3,1,107.2,18.7
41,1,2,1,2,74.6,10.8
22,1,0,3,0,101.8,14.5
5,1,3,2,1,60.1,12.4
40,1,4,3,2,81.5,7.3
53,1,4,3,2,61.4,10.9
16,0,3,0,2,98.1,10.7
25,0,2,0,2,62.4,5.0
9,0,2,0,2,82.5,6.1
5,1,3,2,1,74.1,19.0
43,0,3,3,0,69.9,9.3
26,1,3,3,0,98.1,17.6
57,1,0,2,2,75.8,15.1
46,1,0,0,2,75.3,5.3
27,0,2,0,1,88.6,19.7
53,1,3,1,2,78.5,14.3
55,1,0,2,1,70.6,16.6
21,0,1,2,1,81.9,11.1
38,0,4,0,2,91.0,6.3
7,1,3,0,2,65.6,5.0
37,0,2,2,0,64.7,19.5
42,1,4,2,0,87.3,10.6
49,0,0,1,2,71.5,6.1
38,1,2,3,0,77.0,14.4
56,0,3,3,0,69.8,13.7
31,1,3,1,1,74.6,16.3
47,0,3,2,1,65.6,10.6
3,0,1,1,2,89.6,12.2
33,1,2,3,0,65.7,12.0
29,1,1,3,1,87.4,8.7
47,0,1,2,1,103.1,7.9
23,0,3,0,2,80.3,7.7
23,1,2,2,0,64.7,8.2
44,1,1,1,2,61.3,12.3
18,1,4,1,2,63.8,13.9
31,1,0,2,1,89.0,13.2
58,0,3,1,0,60.3,5.5
48,1,2,0,2,64.4,10.2
53,1,1,2,0,66.3,19.8
17,0,3,0,0,91.7,12.9
15,0,4,0,0,61.2,14.3
16,1,3,0,0,62.7,7.7
51,0,4,3,2,100.8,13.9
0,0,0,1,2,63.3,5.0
50,1,3,2,1,87.1,8.5
10,1,4,1,0,74.7,7.7
22,1,1,0,0,67.3,17.6
41,0,0,2,0,65.8,11.2
6,1,1,1,2,94.0,11.7
46,0,3,2,1,83.8,6.8
36,0,1,0,0,91.8,11.2
7,1,4,0,2,107.5,5.9
50,0,2,0,0,90.1,16.1
47,1,2,1,1,108.8,9.7
33,0,4,1,2,69.0,8.7
2,1,1,0,2,71.5,7.8
2,1,1,3,0,80.3,16.7
9,1,4,1,0,108.4,13.0
12,0,1,0,0,74.0,10.7
25,0,2,2,1,62.0,18.9
14,0,3,1,2,82.0,6.9
40,1,4,2,0,99.5,16.7
50,0,1,1,2,63.3,9.8
10,1,4,3,0,110.0,19.0
0,1,1,2,2,86.4,15.9
0,0,0,2,1,70.1,17.1
0,1,3,1,0,66.5,19.6
1,0,4,3,0,106.4,10.9
31,0,0,3,1,96.6,5.3
51,1,4,3,2,107.6,10.9
55,0,3,0,1,97.4,7.5
22,0,0,2,1,83.6,18.6
17,0,3,2,2,107.6,10.0
43,1,1,1,0,84.7,14.7
19,0,2,2,0,97.6,8.4
45,1,0,3,0,105.7,9.4
1,0,1,1,2,101.6,9.2
56,1,4,0,0,105.0,11.7
48,1,4,2,2,92.7,5.7
34,1,2,2,1,80.2,7.2
4,0,4,2,0,99.6,10.8
49,0,4,1,1,79.4,10.4
32,0,1,3,1,90.4,13.8
48,0,3,1,0,103.1,5.1
35,1,1,0,1,81.3,15.5
39,1,2,0,2,62.4,14.8
52,0,2,3,2,98.9,8.8
22,0,2,1,1,102.2,8.6
47,1,1,0,2,86.9,16.9
33,1,3,0,1,79.5,6.4
1,0,4,0,1,87.8,20.0
23,0,2,1,0,88.9,9.8
51,0,1,2,2,74.5,10.0
36,0,3,2,0,84.1,9.5
12,1,0,3,2,105.2,7.5
58,1,4,3,2,98.6,5.1
30,1,4,0,1,63.0,19.2
57,1,4,3,0,62.1,8.9
59,1,2,3,0,74.9,5.7
57,0,1,2,0,60.5,10.3
2,1,2,3,1,63.8,9.5
40,0,3,2,1,76.5,16.6
31,1,4,1,2,89.2,5.2
39,1,2,0,1,71.2,8.2
43,0,0,1,0,60.7,19.8
47,1,0,1,0,85.5,6.9
49,0,2,0,1,69.5,8.4
57,1,1,2,0,68.9,12.5
17,1,2,3,1,60.3,16.0
44,1,2,1,1,97.8,13.4
29,1,2,2,1,89.9,12.9
46,0,4,3,1,97.3,7.1
47,1,4,2,1,94.5,15.9
9,0,2,1,1,64.9,12.6
6,1,4,2,2,63.1,7.9
40,1,2,2,1,102.2,9.5
45,0,4,1,1,72.4,11.0
34,0,1,2,2,78.8,14.2
51,0,1,1,2,76.9,16.5
55,1,1,1,1,61.1,11.8
41,0,4,3,1,87.5,13.9
43,1,3,0,0,74.4,11.6
17,1,2,2,1,65.8,11.0
58,0,1,1,1,83.2,10.9
28,1,2,2,1,61.2,16.3
46,1,3,2,0,106.1,16.9
10,1,4,0,1,77.4,8.7
24,1,1,0,1,70.3,14.1
5,0,1,1,2,62.6,15.3
33,1,2,0,2,72.7,13.5
43,0,3,3,0,60.7,13.5
6,1,2,1,0,90.5,10.0
35,0,4,3,2,79.9,18.5
30,0,2,2,1,91.0,15.9
54,0,1,1,0,65.2,10.7
34,0,2,1,0,95.4,17.2
46,0,1,2,2,97.6,17.6
59,1,2,3,0,91.6,8.3
29,0,4,1,2,94.4,16.8
43,0,1,2,0,72.3,6.9
2,0,2,1,2,91.1,12.0
39,1,4,0,2,64.7,5.5
23,0,0,2,1,93.5,15.6
41,1,4,0,1,87.2,11.9
44,1,3,2,2,68.4,6.1
38,0,2,0,1,79.8,11.6
16,1,4,3,1,64.1,12.2
56,1,0,0,1,103.0,9.2
37,1,1,2,2,71.4,8.3
5,0,4,0,2,80.5,19.6
29,1,0,0,2,60.1,14.5
37,0,1,3,2,75.8,6.9
3,1,4,1,1,89.8,15.0
47,0,1,0,1,60.3,11.4
21,0,1,3,0,92.2,9.0
48,1,1,0,2,71.2,11.7
18,1,4,1,2,67.1,12.1
13,1,3,2,1,99.7,15.1
22,1,3,1,1,82.6,13.3
58,1,2,2,0,90.3,7.3
27,0,0,2,1,69.1,11.0
43,0,2,3,0,106.1,15.5
44,1,1,0,2,99.5,16.1
14,0,0,0,2,72.7,15.7
32,1,3,1,2,90.9,8.6
3,0,4,0,2,78.9,9.5
16,0,0,1,0,90.2,14.5
32,1,0,1,2,108.0,10.8
50,0,3,0,1,91.4,12.4
3,0,1,3,0,68.2,18.6
24,0,2,0,0,78.2,14.3
13,0,4,0,2,64.7,19.9
26,1,3,0,0,98.0,7.9
10,0,1,1,2,63.0,11.1
49,0,1,3,1,83.7,19.1
35,1,2,1,1,109.7,8.6
25,0,3,0,2,69.7,10.4
10,1,2,0,0,70.1,6.1
40,0,3,1,0,89.7,8.3
41,0,1,2,0,68.0,17.2
43,1,1,0,0,105.3,14.3
27,1,3,1,1,74.1,7.1
58,1,2,3,1,76.8,9.7
14,0,1,1,0,79.6,16.2
8,1,2,1,0,96.1,7.3
41,1,2,0,0,92.4,12.2
29,0,3,2,0,104.5,14.2
0,0,1,0,2,91.4,5.8
27,0,4,0,2,65.0,7.5
32,0,2,1,0,93.1,12.4
58,1,3,1,1,106.2,17.8
27,0,3,1,0,108.6,8.2
24,0,2,0,1,65.2,16.9
57,1,1,2,2,91.0,9.0
26,0,2,0,1,104.8,14.7
46,1,3,2,1,92.0,19.2
21,1,3,2,1,62.5,20.0
43,0,0,3,1,72.7,17.8
45,1,2,3,2,76.0,12.3
18,0,1,3,0,68.6,10.9
38,1,3,0,2,75.2,9.4
49,1,4,0,0,102.5,7.4
18,0,3,1,0,88.1,19.5
24,0,4,1,2,109.5,10.4
54,1,4,0,1,62.9,15.5
43,1,2,3,0,88.9,16.4
13,0,2,2,1,69.7,18.7
31,0,1,1,2,102.5,13.8
25,1,1,1,1,93.7,9.2
19,1,0,1,0,71.8,7.5
17,1,3,0,1,84.6,7.7
15,0,1,0,0,96.0,15.0
49,0,4,1,2,65.8,18.9
13,0,3,1,1,66.2,6.3
38,0,1,3,1,97.0,15.1
41,1,1,2,1,105.3,16.6
48,1,2,0,1,102.4,13.9
55,1,3,1,0,69.1,8.5
14,1,0,1,0,97.9,6.2
42,1,4,2,2,106.7,12.9
26,0,3,3,2,60.6,11.6
6,1,0,3,2,64.4,15.3
55,0,1,1,0,99.2,13.6
38,0,4,1,2,66.9,13.8
37,0,4,1,2,85.9,11.7
30,1,3,3,0,64.0,12.9
54,1,4,0,0,97.1,5.1
58,0,4,0,2,99.5,17.4
55,0,2,2,2,98.6,10.1
11,1,1,0,2,109.1,18.2
26,1,4,0,2,72.8,10.2
30,0,4,1,1,106.5,8.8
3,0,4,0,0,95.7,5.2
44,1,0,2,0,71.6,14.9
41,0,3,2,0,87.8,8.1
21,1,3,3,0,60.6,14.0
9,0,3,2,1,68.3,12.5
19,0,0,0,1,108.6,13.6
30,0,1,1,1,63.8,10.4
52,1,2,3,0,94.9,19.8
13,1,0,2,1,86.6,5.8
58,0,0,1,1,60.2,11.8
7,0,2,3,2,61.6,7.1
59,1,0,2,1,102.1,7.5
43,1,2,3,0,84.0,16.6
1,1,2,0,0,72.9,7.7
9,0,4,3,0,96.4,12.7
12,0,2,0,0,70.5,13.5
46,0,4,3,2,94.9,12.4
42,1,3,0,0,77.1,17.3
19,1,0,1,1,89.3,7.3
37,0,3,3,2,72.5,17.5
55,1,0,1,1,74.8,8.3
48,1,3,2,1,62.7,19.6
16,1,2,0,1,66.1,6.4
50,0,4,1,0,70.7,16.9
29,0,2,0,0,70.8,19.8
59,1,2,1,1,106.8,7.4
45,0,3,3,0,62.3,10.3
27,0,3,3,0,78.8,13.6
15,0,4,3,1,94.4,13.1
59,1,1,0,0,95.9,10.4
58,0,4,3,1,81.6,15.0
1,1,1,2,2,72.1,8.7
47,0,0,2,2,96.1,12.5
33,1,4,1,1,89.4,15.0
7,1,2,3,0,78.0,13.4
15,1,1,3,0,91.7,10.9
10,1,2,0,1,107.6,18.3
50,1,0,0,0,100.5,17.4
25,0,2,0,0,108.2,12.9
25,0,2,1,0,86.3,10.6
14,1,3,3,1,73.0,14.5
42,0,0,0,2,70.1,12.2
45,0,3,2,2,91.0,5.6
51,0,0,2,0,86.5,17.8
52,0,3,1,2,61.0,10.1
2,1,3,2,2,100.3,17.0
17,1,2,0,2,106.9,16.2
25,1,4,3,2,96.7,8.1
8,1,0,0,0,77.9,8.6
49,1,3,1,1,85.7,9.8
33,0,0,1,2,93.9,19.1
59,0,3,1,1,101.5,19.0
38,1,2,0,1,95.8,19.6
51,0,0,1,0,77.6,19.4
41,1,2,3,2,102.4,13.2
16,0,3,3,0,94.2,8.0
16,1,3,1,1,103.9,11.8
47,1,3,3,2,65.2,8.9
0,0,3,1,0,84.7,9.8
37,1,4,3,2,101.7,7.5
5,0,1,0,1,95.4,17.3
7,1,2,3,0,100.7,14.9
43,1,1,1,0,82.7,17.2
17,1,3,2,0,105.3,11.9
11,1,2,2,1,85.3,15.2
59,0,1,0,0,72.7,11.2
